-- phpMyAdmin SQL Dump
-- version 4.8.1
-- https://www.phpmyadmin.net/
--
-- Host: 127.0.0.1
-- Generation Time: Aug 06, 2018 at 10:05 PM
-- Server version: 10.1.33-MariaDB
-- PHP Version: 7.2.6

SET SQL_MODE = "NO_AUTO_VALUE_ON_ZERO";
SET AUTOCOMMIT = 0;
START TRANSACTION;
SET time_zone = "+00:00";


/*!40101 SET @OLD_CHARACTER_SET_CLIENT=@@CHARACTER_SET_CLIENT */;
/*!40101 SET @OLD_CHARACTER_SET_RESULTS=@@CHARACTER_SET_RESULTS */;
/*!40101 SET @OLD_COLLATION_CONNECTION=@@COLLATION_CONNECTION */;
/*!40101 SET NAMES utf8mb4 */;

--
-- Database: `churchlibrary`
--

-- --------------------------------------------------------

--
-- Table structure for table `admin`
--

CREATE TABLE `admin` (
  `id` int(12) NOT NULL,
  `username` varchar(24) NOT NULL,
  `pword` int(48) NOT NULL
) ENGINE=InnoDB DEFAULT CHARSET=latin1;

--
-- Dumping data for table `admin`
--

INSERT INTO `admin` (`id`, `username`, `pword`) VALUES
(1, 'username', 123456789);

-- --------------------------------------------------------

--
-- Table structure for table `applied_category`
--

CREATE TABLE `applied_category` (
  `id` int(11) NOT NULL,
  `resource_id` int(11) NOT NULL,
  `time_stamp` datetime NOT NULL
) ENGINE=InnoDB DEFAULT CHARSET=utf8;

-- --------------------------------------------------------

--
-- Table structure for table `author`
--

CREATE TABLE `author` (
  `id` int(11) NOT NULL,
  `first_name` varchar(45) NOT NULL,
  `last_name` varchar(45) NOT NULL,
  `timestamp` varchar(45) NOT NULL
) ENGINE=InnoDB DEFAULT CHARSET=utf8;

--
-- Dumping data for table `author`
--

INSERT INTO `author` (`id`, `first_name`, `last_name`, `timestamp`) VALUES
(1, 'Michael', 'Bull', '2018-03-08 05:54:10'),
(2, 'Jean', 'Stapleton', '2018-05-27 20:34:57'),
(3, 'Carine', 'MacKenzie', '2018-05-27 20:45:54'),
(4, 'Catherine', 'MacKenzie', '2018-05-27 20:58:54'),
(5, 'Neil', 'Ross', '2018-05-27 20:58:54'),
(6, 'Rebecca', 'VanDoodewaard', '2018-05-27 20:58:55'),
(7, 'Kevin', 'DeYoung', '2018-05-27 21:19:45'),
(8, 'John', 'Tallach', '2018-05-27 21:19:45'),
(9, 'David', 'Gay', '2018-05-27 21:19:45'),
(10, 'Catherine', '', '2018-05-27 21:19:45'),
(11, 'Jenna', 'Strackbein', '2018-05-27 21:19:45'),
(12, 'Simonetta', 'Carr', '2018-05-27 21:19:45'),
(13, 'Marty', 'Machowski', '2018-05-27 21:21:03'),
(14, 'Derick', 'Bingham', '2018-05-27 21:21:03'),
(15, 'John', 'Keddie', '2018-05-27 21:21:03'),
(16, 'Nancy', 'Drummond', '2018-05-27 21:21:03'),
(17, 'Grant', 'Myrna', '2018-05-27 21:21:03'),
(18, 'Walsh', 'Kay', '2018-05-27 21:21:03'),
(19, 'Linda', 'Finlayson', '2018-05-27 21:21:03'),
(20, 'Christian', 'George', '2018-05-27 21:21:03'),
(21, 'William', 'Boekestein', '2018-05-27 21:21:03'),
(22, 'Virgil', 'Robinson', '2018-05-27 21:23:38'),
(23, 'John', 'Morrison', '2018-05-27 21:23:38'),
(24, 'Jean', 'Watson', '2018-05-27 21:23:38'),
(25, 'Irene', 'Howat', '2018-05-27 21:23:38'),
(26, 'Sarah', 'Allen', '2018-05-27 21:23:38'),
(27, 'Lucille', 'Travis', '2018-05-27 21:23:38'),
(28, 'K.', 'Murdarasi', '2018-05-27 21:23:38'),
(29, 'Tony', 'Hutter', '2018-05-27 21:23:38'),
(30, 'Phillip', 'Eveson', '2018-05-27 21:23:38'),
(31, 'Jason', 'Zuidema', '2018-05-27 21:23:38'),
(32, 'Sean', 'Lucas', '2018-05-27 21:23:38'),
(33, 'Sandy', 'Finlayson', '2018-05-27 21:23:38'),
(34, 'Douglas', 'Bond', '2018-05-27 21:23:38'),
(35, 'John', 'Murray', '2018-05-27 21:23:38'),
(36, 'Faith', 'Cook', '2018-05-27 21:23:38'),
(37, 'Mostyn', 'Roberts', '2018-05-27 21:23:38'),
(38, 'Eryl', 'Davies', '2018-05-27 21:23:38'),
(39, 'Ian', 'Shaw', '2018-05-27 21:23:39'),
(40, 'S.', 'Fortson', '2018-05-27 21:23:39'),
(41, 'Michael', 'Haykin', '2018-05-27 21:23:39'),
(42, 'Alexander', 'Smellie', '2018-05-27 21:23:39'),
(43, 'Dustin', 'Benge', '2018-05-27 21:23:39'),
(44, 'Sinclair', 'Ferguson', '2018-05-27 21:23:39'),
(45, 'Michael', 'Reeves', '2018-05-27 21:23:39'),
(46, 'Paul', 'Schlehlein', '2018-05-27 21:23:39'),
(47, 'Stephen', 'Nichols', '2018-05-27 21:23:39'),
(48, 'Roger', 'Ellsworth', '2018-05-27 21:23:39'),
(49, 'Ralph', 'Ellsworth', '2018-05-27 21:23:39'),
(50, 'W.', 'Godfrey', '2018-05-27 21:23:39'),
(51, 'Brian', 'Croft', '2018-05-27 21:23:39'),
(52, 'Stuart', 'Olyott', '2018-05-27 21:23:39'),
(53, 'Dale', 'Davis', '2018-05-27 21:23:39'),
(54, 'David', 'Lloyd-Jones', '2018-05-27 21:23:39'),
(55, 'Zack', 'Eswine', '2018-05-27 21:23:39'),
(56, 'Joel', 'Beeke', '2018-05-27 21:23:39'),
(57, 'David', 'Murray', '2018-05-27 21:23:39'),
(58, 'John', 'Blanchard', '2018-05-27 21:23:39'),
(59, '', '', '2018-05-27 21:23:39'),
(60, 'R.', 'Sproul', '2018-05-27 21:23:39'),
(61, 'Daniel', 'Hyde', '2018-05-27 21:23:39'),
(62, 'J.', 'Fesko', '2018-05-27 21:23:39'),
(63, 'Tim', 'Challies', '2018-05-27 21:23:39'),
(64, 'Kathi', 'Westlund', '2018-05-27 21:23:39'),
(65, 'Maurice', 'Roberts', '2018-05-27 21:23:39'),
(66, 'Alistair', 'Begg', '2018-05-27 21:23:39'),
(67, 'C.H.', 'Spurgeon', '2018-05-27 21:23:39'),
(68, 'J.', 'Ryle', '2018-05-27 21:23:39'),
(69, 'Jim', 'Cromarty', '2018-05-27 21:23:39'),
(70, 'Anthony', 'Selvaggio', '2018-05-27 21:23:39'),
(71, 'Terry', 'Johnson', '2018-05-27 21:23:39'),
(72, 'R', 'Sproul', '2018-05-27 21:23:39'),
(73, 'C.', 'Spurgeon', '2018-05-27 21:23:39'),
(74, 'Charles', 'Spurgeon', '2018-05-27 21:23:39'),
(75, 'John', 'Flavel', '2018-05-27 21:23:39'),
(76, 'Various', 'Various', '2018-05-27 21:23:39'),
(77, 'Samuel', 'Rutherford', '2018-05-27 21:23:39'),
(78, 'Richard', 'Baxter', '2018-05-27 21:23:39'),
(79, 'John', 'Owen', '2018-05-27 21:23:39'),
(80, 'Richard', 'Sibbes', '2018-05-27 21:23:39'),
(81, 'Thomas', 'Boston', '2018-05-27 21:23:39'),
(82, 'Owen', 'Strachan', '2018-05-27 21:23:39'),
(83, 'David', 'Kingdon', '2018-05-27 21:23:39'),
(84, 'Philip', 'Ryken', '2018-05-27 21:23:39'),
(85, 'J.C.', 'Ryle', '2018-05-27 21:23:40'),
(86, 'James', 'Garlow', '2018-05-27 21:23:40'),
(87, 'Leonardo', 'Chirico', '2018-05-27 21:23:40'),
(88, 'Jon', 'Nielson', '2018-05-27 21:23:40'),
(89, 'Matthew', 'Mitchell', '2018-05-27 21:23:40'),
(90, 'Derek', 'Thomas', '2018-05-27 21:23:40'),
(91, 'Sharon', 'James', '2018-05-27 21:23:40'),
(92, 'Peter', 'Jeffery', '2018-05-27 21:23:40'),
(93, 'Brian', 'Edwards', '2018-05-27 21:23:40'),
(94, 'David', 'Leyshon', '2018-05-27 21:23:40'),
(95, 'John', 'Pestell', '2018-05-27 21:23:40'),
(96, 'S.', 'Houghton', '2018-05-27 21:23:40'),
(97, 'Dr.', 'Shelley', '2018-05-27 21:23:40'),
(98, 'Ray', 'Pennings', '2018-05-27 21:23:40'),
(99, 'Earl', 'Blackburn', '2018-05-27 21:23:40'),
(100, 'Richard', 'Phillips', '2018-05-27 21:23:40'),
(101, 'Peter', 'Barnes', '2018-05-27 21:23:40'),
(102, 'Todd', 'Friel', '2018-05-27 21:23:40'),
(103, 'Various', 'Authors', '2018-05-27 21:23:40'),
(104, 'Iain', 'Murray', '2018-05-27 21:23:40'),
(105, 'Martin', 'Luther', '2018-05-27 21:23:40'),
(106, 'James', 'Dolezal', '2018-05-27 21:23:40'),
(107, 'Michael', 'Horton', '2018-05-27 21:23:40'),
(108, 'James', 'Dennison', '2018-05-27 21:23:40'),
(109, 'Dennis', 'Johnson', '2018-05-27 21:23:40'),
(110, 'M.A.', 'Power', '2018-05-27 21:23:40'),
(111, 'Greendyk', 'Beeke', '2018-05-27 21:23:40'),
(112, 'Elsie', 'Johnson', '2018-05-27 21:23:40'),
(113, 'Thomas', 'Vincent', '2018-05-27 21:23:40'),
(114, 'John', 'MacArthur', '2018-05-27 21:23:40'),
(115, 'Gorham', 'Abbott', '2018-05-27 21:23:40'),
(116, 'O.', 'Robertson', '2018-05-27 21:23:40'),
(117, 'J.', 'Machen', '2018-05-27 21:23:40'),
(118, 'Walter', 'Chantry', '2018-05-27 21:23:40'),
(119, 'John', 'Abbott', '2018-05-27 21:23:40'),
(120, 'Jared', 'Waterbury', '2018-05-27 21:23:40'),
(121, 'David', 'Clark', '2018-05-27 21:23:40'),
(122, 'Louisa', 'Hopkins', '2018-05-27 21:23:40'),
(123, 'Jerry', 'Bridges', '2018-05-27 21:23:40'),
(124, 'D.', 'Lloyd-Jones', '2018-05-27 21:23:40'),
(125, 'C.S.', 'Lewis', '2018-05-27 21:23:40'),
(126, 'John', 'Hall', '2018-05-27 21:23:41'),
(127, 'R.C.', 'Sproul', '2018-05-27 21:23:41'),
(128, 'Horatius', 'Bonar', '2018-05-27 21:23:41'),
(129, 'Jay', 'Adams', '2018-05-27 21:23:41'),
(130, 'T.', 'Gordon', '2018-05-27 21:23:41'),
(131, 'Paul', 'Wolfe', '2018-05-27 21:23:41'),
(132, 'John', 'Calvin', '2018-05-27 21:23:41'),
(133, 'Gardiner', 'Spring', '2018-05-27 21:23:41'),
(134, 'Edward', 'Payson', '2018-05-27 21:23:41'),
(135, 'Harvey', 'Newcomb', '2018-05-27 21:23:41'),
(136, 'Stanley', 'Gale', '2018-05-27 21:23:41'),
(137, 'John', 'Bunyan', '2018-05-27 21:23:41'),
(138, 'John', 'Machen', '2018-05-27 21:23:41'),
(139, 'James', 'Boice', '2018-05-27 21:23:41'),
(140, 'Priscilla', 'Wong', '2018-05-27 21:23:41'),
(141, 'Fraser', 'Tallach', '2018-05-27 21:23:41'),
(142, 'David', 'VanDrunen', '2018-05-27 21:23:41'),
(143, 'Tedd', 'Tripp', '2018-05-27 21:23:41'),
(144, 'Eric', 'Alexander', '2018-05-27 21:23:41'),
(145, 'Ken', 'Ramey', '2018-05-27 21:23:41'),
(146, 'David', 'Wells', '2018-05-27 21:23:41'),
(147, 'Austin', 'Phelps', '2018-05-27 21:23:41'),
(148, 'Bill', 'James', '2018-05-27 21:23:41'),
(149, 'Mike', 'Gendron', '2018-05-27 21:23:41'),
(150, 'Joel', 'Pederson', '2018-05-27 21:23:41'),
(151, 'Sara', 'Leone', '2018-05-27 21:23:41'),
(152, 'Andrew', 'Swanson', '2018-05-27 21:23:41'),
(153, 'Jason', 'Helopoulos', '2018-05-27 21:23:41'),
(154, 'Frank', 'Brock', '2018-05-27 21:23:41'),
(155, 'Wayne', 'Mack', '2018-05-27 21:23:41'),
(156, 'Sharon', 'Phillips', '2018-05-27 21:23:41'),
(157, 'Jacobus', 'Koelman', '2018-05-27 21:23:41'),
(158, 'Ray', 'Rhodes', '2018-05-27 21:23:41'),
(159, 'Carol', 'Brandt', '2018-05-27 21:23:41'),
(160, 'Dennis', 'Gundersen', '2018-05-27 21:23:41'),
(161, 'William', 'Gouge', '2018-05-27 21:23:41'),
(162, 'James', 'Alexander', '2018-05-27 21:23:41'),
(163, 'Martyn', 'Lloyd-Jones', '2018-05-27 21:23:41'),
(164, 'Derek', 'Prime', '2018-05-27 21:23:42'),
(165, 'Octavius', 'Winslow', '2018-05-27 21:23:42'),
(166, 'Elizabeth', 'George', '2018-05-27 21:23:42'),
(167, 'Favell', 'Mortimer', '2018-05-27 21:23:42'),
(168, 'Selah', 'Helms', '2018-05-27 21:23:42'),
(169, 'Thomas', 'Watson', '2018-05-27 21:23:42'),
(170, 'Watson', 'Watson', '2018-05-27 21:23:42'),
(171, 'George', 'Swinnock', '2018-05-27 21:23:42'),
(172, 'William', 'Greenhill', '2018-05-27 21:23:42'),
(173, 'Jeremiah', 'Burroughs', '2018-05-27 21:23:42'),
(174, 'William', 'Guthrie', '2018-05-27 21:23:42'),
(175, 'Benjamin', 'Beddome', '2018-05-27 21:23:42'),
(176, 'John', 'Ryle', '2018-05-27 21:23:42'),
(177, 'Samuel', 'Waldron', '2018-05-27 21:23:42'),
(178, 'John', 'Howe', '2018-05-27 21:23:42'),
(179, 'Richard', 'Reed', '2018-05-27 21:23:42'),
(180, 'Thomas', 'Brooks', '2018-05-27 21:23:42'),
(181, 'Thomas', 'Case', '2018-05-27 21:23:42'),
(182, 'Samuel', 'Ward', '2018-05-27 21:23:42'),
(183, 'Jonathan', 'Edwards', '2018-05-27 21:23:42'),
(184, 'Robert', 'Spinney', '2018-05-27 21:23:42'),
(185, 'Matthew', 'Henry', '2018-05-27 21:23:42'),
(186, 'William', 'Hendriksen', '2018-05-27 21:23:42'),
(187, 'Simon', 'Kistemaker', '2018-05-27 21:23:42'),
(188, 'William', 'Hendrikson', '2018-05-27 21:23:42'),
(189, 'Horatius', 'Hodge', '2018-05-27 21:23:42'),
(190, 'John', '3', '2018-05-27 21:23:42'),
(191, 'John', '1', '2018-05-27 21:23:43'),
(192, 'Benjamin', 'by)', '2018-05-27 21:23:43'),
(193, 'James', 'White', '2018-05-27 21:23:43'),
(194, 'Alexander', 'Strauch', '2018-05-27 21:23:43'),
(195, 'Chris', 'Beamer', '2018-05-27 21:23:43'),
(196, 'Gabriel', '(Editor)', '2018-05-27 21:23:43'),
(197, 'Paul', 'Wegner', '2018-05-27 21:23:43'),
(198, 'R.', 'Southern', '2018-05-27 21:23:43'),
(199, 'ALEXANDER', 'VIDLER', '2018-05-27 21:23:43'),
(200, 'Henry', 'Chadwick', '2018-05-27 21:23:43'),
(201, 'Nathaniel', 'McFetridge', '2018-05-27 21:23:43'),
(202, 'J.', 'Arthur', '2018-05-27 21:23:43'),
(203, 'James', 'Renihan', '2018-05-27 21:23:43'),
(204, 'Gerald', 'Cragg', '2018-05-27 21:23:43'),
(205, 'Jeffery', 'Johnson', '2018-05-27 21:23:43'),
(206, 'Vance', 'Christie', '2018-05-27 21:23:43'),
(207, 'Ernest', 'Reisinger', '2018-05-27 21:23:43'),
(208, 'J', 'Ryle', '2018-05-27 21:23:43'),
(209, 'William', 'Gurnall', '2018-05-27 21:23:43'),
(210, 'Thomas', 'Goodwin', '2018-05-27 21:23:43'),
(211, 'Phillip', 'Schaff', '2018-05-27 21:23:43'),
(212, 'Philip', 'Schaff', '2018-05-27 21:23:43'),
(213, 'Henry', 'Matthew', '2018-05-27 21:23:43'),
(214, 'Derke', 'Bergsma', '2018-05-27 21:23:43'),
(215, 'J.', 'Beeke', '2018-05-27 21:23:43'),
(216, 'William', 'Jay', '2018-05-27 21:23:43'),
(217, 'Arthur', 'Pink', '2018-05-27 21:23:43'),
(218, 'P.', 'Power', '2018-05-27 21:23:43'),
(219, 'Eric', 'Lane', '2018-05-27 21:23:43'),
(220, 'C.', 'Lewis', '2018-05-27 21:23:43'),
(221, 'Jim', 'Handyside', '2018-05-27 21:23:43'),
(222, 'Adolphe', 'Monod', '2018-05-27 21:23:43'),
(223, 'Robert', 'McCheyne', '2018-05-27 21:23:43'),
(224, 'James', 'Snyder', '2018-05-27 21:23:43'),
(225, 'John', 'Howie', '2018-05-27 21:23:43'),
(226, 'Steven', 'Lawson', '2018-05-27 21:23:43'),
(227, 'Burk', 'Parsons', '2018-05-27 21:23:43'),
(228, 'Brad', 'Bigney', '2018-05-27 21:23:43'),
(229, 'Donald', 'Whitney', '2018-05-27 21:23:43'),
(230, 'John', 'Thornbury', '2018-05-27 21:23:43'),
(231, 'Arnold', 'Dallimore', '2018-05-27 21:23:43'),
(232, 'Joel', 'Yuille', '2018-05-27 21:23:44'),
(233, 'Richard', 'Hannula', '2018-05-27 21:23:44'),
(234, 'Colin', 'Hamer', '2018-05-27 21:23:44'),
(235, 'Constance', 'Walker', '2018-05-27 21:23:44'),
(236, 'William', 'Johnson', '2018-05-27 21:23:44'),
(237, 'Richard', 'Stauffer', '2018-05-27 21:23:44'),
(238, 'Mateen', 'Elass', '2018-05-27 21:23:44'),
(239, 'Karim', 'Shamsi-Basha', '2018-05-27 21:23:44'),
(240, 'Jr.', 'Pratt', '2018-05-27 21:23:44'),
(241, 'Sam', 'Waldron', '2018-05-27 21:23:44'),
(242, 'Robert', 'Dabney', '2018-05-27 21:23:44'),
(243, 'William', 'Shedd', '2018-05-27 21:23:44'),
(244, 'Louis', 'Berkhof', '2018-05-27 21:23:44'),
(245, 'Geerhardus', 'Vos', '2018-05-27 21:23:44'),
(246, 'Donald', 'Macleod', '2018-05-27 21:23:44'),
(247, 'I.', 'Marshall', '2018-05-27 21:23:44'),
(248, 'Kim', 'Riddlebarger', '2018-05-27 21:23:44'),
(249, 'Mark', 'Jones', '2018-05-27 21:23:44'),
(250, 'William', 'Spurstowe', '2018-05-27 21:23:44'),
(251, 'Thomas', 'Manton', '2018-05-27 21:23:44'),
(252, 'Brian', 'Cosby', '2018-05-27 21:23:44'),
(253, 'William', 'Bridge', '2018-05-27 21:23:44'),
(254, 'J', 'Packer', '2018-05-27 21:23:44'),
(255, 'Robert', 'Martin', '2018-05-27 21:23:44'),
(256, 'Gordon', 'Keddie', '2018-05-27 21:23:44'),
(257, 'Hywel', 'Jones', '2018-05-27 21:23:44'),
(258, 'Derek', 'Kidner', '2018-05-27 21:23:45'),
(259, 'John', 'Legg', '2018-05-27 21:23:45'),
(260, 'Michael', 'Bentley', '2018-05-27 21:23:45'),
(261, 'Gary', 'Brady', '2018-05-27 21:23:45'),
(262, 'John', 'Benton', '2018-05-27 21:23:45'),
(263, 'John', 'Currid', '2018-05-27 21:23:45'),
(264, 'Helen', 'Santos', '2018-05-27 21:23:45'),
(265, 'Thomas', 'Gallaudet', '2018-05-27 21:23:45'),
(266, 'Horace', 'Hooker', '2018-05-27 21:23:45'),
(267, 'Christian', '', '2018-05-27 21:23:45'),
(268, 'Richard', 'Newton', '2018-05-27 21:23:45'),
(269, 'Christoph', 'Schmid', '2018-05-27 21:23:45'),
(270, 'Hope', 'Marston', '2018-05-27 21:23:45'),
(271, 'William', 'Newsom', '2018-05-27 21:23:45'),
(272, 'Christopher', 'Catherwood', '2018-05-27 21:23:45'),
(273, 'Kay', 'Walsh', '2018-05-27 21:23:45'),
(274, 'Lori', 'Rich', '2018-05-27 21:23:45'),
(275, 'John', 'Todd', '2018-05-27 21:23:45'),
(276, 'Diana', 'Kleyn', '2018-05-27 21:23:45'),
(277, 'Mindy', 'Withrow', '2018-05-27 21:23:45'),
(278, 'Brandon', 'Withrow', '2018-05-27 21:23:45'),
(279, 'Janet', 'Benge', '2018-05-27 21:23:46'),
(280, 'Sam', 'Wellman', '2018-05-27 21:23:46'),
(281, 'Dan', 'Harmon', '2018-05-27 21:23:46'),
(282, 'Bernard', 'Ruffin', '2018-05-27 21:23:46'),
(283, 'Charles', 'Bridges', '2018-05-27 21:23:46'),
(284, 'Charles', 'by)', '2018-05-27 21:23:46'),
(285, 'Sally', 'Michael', '2018-05-27 21:23:46'),
(286, 'Starr', 'Meade', '2018-05-27 21:23:46'),
(287, 'Susan', 'Hunt', '2018-05-27 21:23:46'),
(288, 'William', 'Deal', '2018-05-27 21:23:46'),
(289, 'J.', 'Pike', '2018-05-27 21:23:46'),
(290, 'Dr.', 'Ferguson', '2018-05-27 21:23:46'),
(291, 'Oliver', 'Hunkin', '2018-05-27 21:23:46'),
(292, 'Ferguson', 'Sinclair', '2018-05-27 21:23:46'),
(293, 'Heidi', 'Schipper', '2018-05-27 21:23:46'),
(294, 'D.', 'Kleyn', '2018-05-27 21:23:46'),
(295, 'Samuel', 'Bolton', '2018-05-27 21:23:46'),
(296, 'Ralph', 'Venning', '2018-05-27 21:23:46'),
(297, 'John', 'Whitecross', '2018-05-27 21:23:47'),
(298, 'Jean', 'Calvin', '2018-05-27 21:23:47'),
(299, 'A', 'Pink', '2018-05-27 21:23:47'),
(300, 'William', 'FORSYTH', '2018-05-27 21:23:47'),
(301, 'Erroll', 'Hulse', '2018-05-27 21:23:47'),
(302, 'J.', 'Packer', '2018-05-27 21:23:47'),
(303, 'R.', 'Mohler', '2018-05-27 21:23:47'),
(304, 'John', 'James', '2018-05-27 21:23:47'),
(305, 'David', 'Fountain', '2018-05-27 21:23:47'),
(306, 'Sallie', 'Ford', '2018-05-27 21:23:47'),
(307, 'Richard', 'Brooks', '2018-05-27 21:23:47'),
(308, 'Mr.', 'Hodge', '2018-05-27 21:23:47'),
(309, 'Andrew', 'Stewart', '2018-05-27 21:23:47'),
(310, 'Frederic', 'Godet', '2018-05-27 21:23:47'),
(311, 'B', 'Warfield', '2018-05-27 21:23:47'),
(312, 'Benjamin', 'Warfield', '2018-05-27 21:23:47'),
(313, 'Charles', 'Hodge', '2018-05-27 21:23:47'),
(314, 'MALONE', 'FRED', '2018-05-27 21:23:47'),
(315, 'Diane', 'Poythress', '2018-05-27 21:23:47'),
(316, 'Richard', 'Bennett', '2018-05-27 21:23:47'),
(317, 'Roland', 'Bainton', '2018-05-27 21:23:47'),
(318, 'Andrew', 'Bonar', '2018-05-27 21:23:47'),
(319, 'David', 'Brainerd', '2018-05-27 21:23:47'),
(320, 'Elisabeth', 'Dodds', '2018-05-27 21:23:47'),
(321, 'John', 'Appleby', '2018-05-27 21:23:47'),
(322, 'Alexander', 'Stuart', '2018-05-27 21:23:47'),
(323, 'Geoffrey', 'Thomas', '2018-05-27 21:23:47'),
(324, 'John', 'Paton', '2018-05-27 21:23:47'),
(325, 'William', 'Blaikie', '2018-05-27 21:23:47'),
(326, 'Thomas', 'M\'CRIE', '2018-05-27 21:23:47'),
(327, 'Martha', 'Peace', '2018-05-27 21:23:48'),
(328, 'first_name', 'last_name', '2018-05-27 21:25:19');

-- --------------------------------------------------------

--
-- Table structure for table `authorship`
--

CREATE TABLE `authorship` (
  `id` int(11) NOT NULL,
  `author_id` int(11) NOT NULL,
  `resource_id` varchar(45) NOT NULL,
  `primary_author` tinyint(1) DEFAULT NULL,
  `timestamp` datetime DEFAULT NULL
) ENGINE=InnoDB DEFAULT CHARSET=utf8;

--
-- Dumping data for table `authorship`
--

INSERT INTO `authorship` (`id`, `author_id`, `resource_id`, `primary_author`, `timestamp`) VALUES
(1, 1, '3', 1, '2018-03-08 05:54:10'),
(2, 1, '2', 1, '2018-06-25 00:00:00'),
(3, 1, '2', 1, '2018-06-25 00:00:00'),
(13, 2, '15', 1, '2018-05-27 20:58:54'),
(14, 2, '16', 1, '2018-05-27 20:58:54'),
(15, 3, '17', 1, '2018-05-27 20:58:54'),
(16, 3, '18', 1, '2018-05-27 20:58:54'),
(17, 3, '19', 1, '2018-05-27 20:58:54'),
(18, 3, '20', 1, '2018-05-27 20:58:54'),
(19, 3, '21', 1, '2018-05-27 20:58:54'),
(20, 3, '22', 1, '2018-05-27 20:58:54'),
(21, 3, '23', 1, '2018-05-27 20:58:54'),
(22, 3, '24', 1, '2018-05-27 20:58:54'),
(23, 3, '25', 1, '2018-05-27 20:58:54'),
(24, 4, '26', 1, '2018-05-27 20:58:54'),
(25, 3, '27', 1, '2018-05-27 20:58:54'),
(26, 3, '28', 1, '2018-05-27 20:58:54'),
(27, 5, '29', 1, '2018-05-27 20:58:54'),
(28, 3, '30', 1, '2018-05-27 20:58:54'),
(29, 3, '31', 1, '2018-05-27 20:58:54'),
(30, 3, '32', 1, '2018-05-27 20:58:54'),
(31, 3, '33', 1, '2018-05-27 20:58:54'),
(32, 3, '34', 1, '2018-05-27 20:58:54'),
(33, 3, '35', 1, '2018-05-27 20:58:54'),
(34, 3, '36', 1, '2018-05-27 20:58:54'),
(35, 3, '37', 1, '2018-05-27 20:58:54'),
(36, 3, '38', 1, '2018-05-27 20:58:54'),
(37, 3, '39', 1, '2018-05-27 20:58:54'),
(38, 3, '40', 1, '2018-05-27 20:58:54'),
(39, 3, '41', 1, '2018-05-27 20:58:54'),
(40, 3, '42', 1, '2018-05-27 20:58:54'),
(41, 3, '43', 1, '2018-05-27 20:58:54'),
(42, 3, '44', 1, '2018-05-27 20:58:54'),
(43, 3, '45', 1, '2018-05-27 20:58:55'),
(44, 3, '46', 1, '2018-05-27 20:58:55'),
(45, 3, '47', 1, '2018-05-27 20:58:55'),
(46, 3, '48', 1, '2018-05-27 20:58:55'),
(47, 3, '49', 1, '2018-05-27 20:58:55'),
(48, 3, '50', 1, '2018-05-27 20:58:55'),
(49, 3, '51', 1, '2018-05-27 20:58:55'),
(50, 3, '52', 1, '2018-05-27 20:58:55'),
(51, 6, '53', 1, '2018-05-27 21:19:45'),
(52, 6, '54', 1, '2018-05-27 21:19:45'),
(53, 6, '55', 1, '2018-05-27 21:19:45'),
(54, 7, '56', 1, '2018-05-27 21:19:45'),
(55, 4, '57', 1, '2018-05-27 21:19:45'),
(56, 4, '58', 1, '2018-05-27 21:19:45'),
(57, 4, '59', 1, '2018-05-27 21:19:45'),
(58, 4, '60', 1, '2018-05-27 21:19:45'),
(59, 8, '61', 1, '2018-05-27 21:19:45'),
(60, 9, '62', 1, '2018-05-27 21:19:45'),
(61, 4, '63', 1, '2018-05-27 21:19:45'),
(62, 4, '64', 1, '2018-05-27 21:19:45'),
(63, 4, '65', 1, '2018-05-27 21:19:45'),
(64, 10, '66', 1, '2018-05-27 21:19:45'),
(65, 10, '67', 1, '2018-05-27 21:19:45'),
(66, 11, '68', 1, '2018-05-27 21:19:45'),
(67, 13, '69', 1, '2018-05-27 21:21:03'),
(68, 14, '70', 1, '2018-05-27 21:21:03'),
(69, 15, '71', 1, '2018-05-27 21:21:03'),
(70, 16, '72', 1, '2018-05-27 21:21:03'),
(71, 17, '73', 1, '2018-05-27 21:21:03'),
(72, 18, '74', 1, '2018-05-27 21:21:03'),
(73, 19, '75', 1, '2018-05-27 21:21:03'),
(74, 20, '76', 1, '2018-05-27 21:21:03'),
(75, 21, '77', 1, '2018-05-27 21:21:03'),
(76, 3, '78', 1, '2018-05-27 21:21:03'),
(77, 3, '79', 1, '2018-05-27 21:21:03'),
(78, 3, '80', 1, '2018-05-27 21:21:03'),
(79, 12, '81', 1, '2018-05-27 21:23:38'),
(80, 22, '82', 1, '2018-05-27 21:23:38'),
(81, 23, '83', 1, '2018-05-27 21:23:38'),
(82, 24, '84', 1, '2018-05-27 21:23:38'),
(83, 25, '85', 1, '2018-05-27 21:23:38'),
(84, 26, '86', 1, '2018-05-27 21:23:38'),
(85, 27, '87', 1, '2018-05-27 21:23:38'),
(86, 28, '88', 1, '2018-05-27 21:23:38'),
(87, 4, '89', 1, '2018-05-27 21:23:38'),
(88, 4, '90', 1, '2018-05-27 21:23:38'),
(89, 4, '91', 1, '2018-05-27 21:23:38'),
(90, 29, '92', 1, '2018-05-27 21:23:38'),
(91, 30, '93', 1, '2018-05-27 21:23:38'),
(92, 31, '94', 1, '2018-05-27 21:23:38'),
(93, 32, '95', 1, '2018-05-27 21:23:38'),
(94, 21, '96', 1, '2018-05-27 21:23:38'),
(95, 33, '97', 1, '2018-05-27 21:23:38'),
(96, 34, '98', 1, '2018-05-27 21:23:38'),
(97, 35, '99', 1, '2018-05-27 21:23:38'),
(98, 36, '100', 1, '2018-05-27 21:23:38'),
(99, 37, '101', 1, '2018-05-27 21:23:38'),
(100, 38, '102', 1, '2018-05-27 21:23:38'),
(101, 34, '103', 1, '2018-05-27 21:23:38'),
(102, 39, '104', 1, '2018-05-27 21:23:39'),
(103, 40, '105', 1, '2018-05-27 21:23:39'),
(104, 6, '106', 1, '2018-05-27 21:23:39'),
(105, 41, '107', 1, '2018-05-27 21:23:39'),
(106, 42, '108', 1, '2018-05-27 21:23:39'),
(107, 43, '109', 1, '2018-05-27 21:23:39'),
(108, 44, '110', 1, '2018-05-27 21:23:39'),
(109, 45, '111', 1, '2018-05-27 21:23:39'),
(110, 46, '112', 1, '2018-05-27 21:23:39'),
(111, 47, '113', 1, '2018-05-27 21:23:39'),
(112, 48, '114', 1, '2018-05-27 21:23:39'),
(113, 49, '115', 1, '2018-05-27 21:23:39'),
(114, 48, '116', 1, '2018-05-27 21:23:39'),
(115, 50, '117', 1, '2018-05-27 21:23:39'),
(116, 51, '118', 1, '2018-05-27 21:23:39'),
(117, 52, '119', 1, '2018-05-27 21:23:39'),
(118, 53, '120', 1, '2018-05-27 21:23:39'),
(119, 54, '121', 1, '2018-05-27 21:23:39'),
(120, 55, '122', 1, '2018-05-27 21:23:39'),
(121, 56, '123', 1, '2018-05-27 21:23:39'),
(122, 56, '124', 1, '2018-05-27 21:23:39'),
(123, 56, '125', 1, '2018-05-27 21:23:39'),
(124, 56, '126', 1, '2018-05-27 21:23:39'),
(125, 57, '127', 1, '2018-05-27 21:23:39'),
(126, 58, '128', 1, '2018-05-27 21:23:39'),
(127, 59, '129', 1, '2018-05-27 21:23:39'),
(128, 60, '130', 1, '2018-05-27 21:23:39'),
(129, 60, '131', 1, '2018-05-27 21:23:39'),
(130, 61, '132', 1, '2018-05-27 21:23:39'),
(131, 62, '133', 1, '2018-05-27 21:23:39'),
(132, 63, '134', 1, '2018-05-27 21:23:39'),
(133, 64, '135', 1, '2018-05-27 21:23:39'),
(134, 65, '136', 1, '2018-05-27 21:23:39'),
(135, 66, '137', 1, '2018-05-27 21:23:39'),
(136, 67, '138', 1, '2018-05-27 21:23:39'),
(137, 68, '139', 1, '2018-05-27 21:23:39'),
(138, 61, '140', 1, '2018-05-27 21:23:39'),
(139, 69, '141', 1, '2018-05-27 21:23:39'),
(140, 70, '142', 1, '2018-05-27 21:23:39'),
(141, 71, '143', 1, '2018-05-27 21:23:39'),
(142, 72, '144', 1, '2018-05-27 21:23:39'),
(143, 73, '145', 1, '2018-05-27 21:23:39'),
(144, 74, '146', 1, '2018-05-27 21:23:39'),
(145, 59, '147', 1, '2018-05-27 21:23:39'),
(146, 75, '148', 1, '2018-05-27 21:23:39'),
(147, 76, '149', 1, '2018-05-27 21:23:39'),
(148, 77, '150', 1, '2018-05-27 21:23:39'),
(149, 75, '151', 1, '2018-05-27 21:23:39'),
(150, 78, '152', 1, '2018-05-27 21:23:39'),
(151, 79, '153', 1, '2018-05-27 21:23:39'),
(152, 80, '154', 1, '2018-05-27 21:23:39'),
(153, 81, '155', 1, '2018-05-27 21:23:39'),
(154, 82, '156', 1, '2018-05-27 21:23:39'),
(155, 82, '157', 1, '2018-05-27 21:23:39'),
(156, 82, '158', 1, '2018-05-27 21:23:39'),
(157, 82, '159', 1, '2018-05-27 21:23:39'),
(158, 82, '160', 1, '2018-05-27 21:23:39'),
(159, 60, '161', 1, '2018-05-27 21:23:39'),
(160, 83, '162', 1, '2018-05-27 21:23:39'),
(161, 84, '163', 1, '2018-05-27 21:23:39'),
(162, 85, '164', 1, '2018-05-27 21:23:40'),
(163, 86, '165', 1, '2018-05-27 21:23:40'),
(164, 87, '166', 1, '2018-05-27 21:23:40'),
(165, 88, '167', 1, '2018-05-27 21:23:40'),
(166, 47, '168', 1, '2018-05-27 21:23:40'),
(167, 47, '169', 1, '2018-05-27 21:23:40'),
(168, 57, '170', 1, '2018-05-27 21:23:40'),
(169, 89, '171', 1, '2018-05-27 21:23:40'),
(170, 36, '172', 1, '2018-05-27 21:23:40'),
(171, 90, '173', 1, '2018-05-27 21:23:40'),
(172, 91, '174', 1, '2018-05-27 21:23:40'),
(173, 92, '175', 1, '2018-05-27 21:23:40'),
(174, 73, '176', 1, '2018-05-27 21:23:40'),
(175, 93, '177', 1, '2018-05-27 21:23:40'),
(176, 94, '178', 1, '2018-05-27 21:23:40'),
(177, 95, '179', 1, '2018-05-27 21:23:40'),
(178, 48, '180', 1, '2018-05-27 21:23:40'),
(179, 65, '181', 1, '2018-05-27 21:23:40'),
(180, 93, '182', 1, '2018-05-27 21:23:40'),
(181, 96, '183', 1, '2018-05-27 21:23:40'),
(182, 44, '184', 1, '2018-05-27 21:23:40'),
(183, 97, '185', 1, '2018-05-27 21:23:40'),
(184, 98, '186', 1, '2018-05-27 21:23:40'),
(185, 56, '187', 1, '2018-05-27 21:23:40'),
(186, 99, '188', 1, '2018-05-27 21:23:40'),
(187, 100, '189', 1, '2018-05-27 21:23:40'),
(188, 101, '190', 1, '2018-05-27 21:23:40'),
(189, 56, '191', 1, '2018-05-27 21:23:40'),
(190, 102, '192', 1, '2018-05-27 21:23:40'),
(191, 103, '193', 1, '2018-05-27 21:23:40'),
(192, 104, '194', 1, '2018-05-27 21:23:40'),
(193, 105, '195', 1, '2018-05-27 21:23:40'),
(194, 106, '196', 1, '2018-05-27 21:23:40'),
(195, 107, '197', 1, '2018-05-27 21:23:40'),
(196, 108, '198', 1, '2018-05-27 21:23:40'),
(197, 108, '199', 1, '2018-05-27 21:23:40'),
(198, 108, '200', 1, '2018-05-27 21:23:40'),
(199, 108, '201', 1, '2018-05-27 21:23:40'),
(200, 109, '202', 1, '2018-05-27 21:23:40'),
(201, 110, '203', 1, '2018-05-27 21:23:40'),
(202, 111, '204', 1, '2018-05-27 21:23:40'),
(203, 112, '205', 1, '2018-05-27 21:23:40'),
(204, 113, '206', 1, '2018-05-27 21:23:40'),
(205, 101, '207', 1, '2018-05-27 21:23:40'),
(206, 114, '208', 1, '2018-05-27 21:23:40'),
(207, 52, '209', 1, '2018-05-27 21:23:40'),
(208, 115, '210', 1, '2018-05-27 21:23:40'),
(209, 116, '211', 1, '2018-05-27 21:23:40'),
(210, 59, '212', 1, '2018-05-27 21:23:40'),
(211, 117, '213', 1, '2018-05-27 21:23:40'),
(212, 60, '214', 1, '2018-05-27 21:23:40'),
(213, 100, '215', 1, '2018-05-27 21:23:40'),
(214, 74, '216', 1, '2018-05-27 21:23:40'),
(215, 118, '217', 1, '2018-05-27 21:23:40'),
(216, 119, '218', 1, '2018-05-27 21:23:40'),
(217, 84, '219', 1, '2018-05-27 21:23:40'),
(218, 120, '220', 1, '2018-05-27 21:23:40'),
(219, 121, '221', 1, '2018-05-27 21:23:40'),
(220, 122, '222', 1, '2018-05-27 21:23:40'),
(221, 123, '223', 1, '2018-05-27 21:23:40'),
(222, 123, '224', 1, '2018-05-27 21:23:40'),
(223, 124, '225', 1, '2018-05-27 21:23:40'),
(224, 125, '226', 1, '2018-05-27 21:23:40'),
(225, 126, '227', 1, '2018-05-27 21:23:41'),
(226, 91, '228', 1, '2018-05-27 21:23:41'),
(227, 44, '229', 1, '2018-05-27 21:23:41'),
(228, 44, '230', 1, '2018-05-27 21:23:41'),
(229, 56, '231', 1, '2018-05-27 21:23:41'),
(230, 56, '232', 1, '2018-05-27 21:23:41'),
(231, 127, '233', 1, '2018-05-27 21:23:41'),
(232, 60, '234', 1, '2018-05-27 21:23:41'),
(233, 65, '235', 1, '2018-05-27 21:23:41'),
(234, 44, '236', 1, '2018-05-27 21:23:41'),
(235, 118, '237', 1, '2018-05-27 21:23:41'),
(236, 54, '238', 1, '2018-05-27 21:23:41'),
(237, 92, '239', 1, '2018-05-27 21:23:41'),
(238, 128, '240', 1, '2018-05-27 21:23:41'),
(239, 129, '241', 1, '2018-05-27 21:23:41'),
(240, 130, '242', 1, '2018-05-27 21:23:41'),
(241, 130, '243', 1, '2018-05-27 21:23:41'),
(242, 131, '244', 1, '2018-05-27 21:23:41'),
(243, 132, '245', 1, '2018-05-27 21:23:41'),
(244, 133, '246', 1, '2018-05-27 21:23:41'),
(245, 134, '247', 1, '2018-05-27 21:23:41'),
(246, 135, '248', 1, '2018-05-27 21:23:41'),
(247, 60, '249', 1, '2018-05-27 21:23:41'),
(248, 136, '250', 1, '2018-05-27 21:23:41'),
(249, 107, '251', 1, '2018-05-27 21:23:41'),
(250, 56, '252', 1, '2018-05-27 21:23:41'),
(251, 60, '253', 1, '2018-05-27 21:23:41'),
(252, 137, '254', 1, '2018-05-27 21:23:41'),
(253, 138, '255', 1, '2018-05-27 21:23:41'),
(254, 131, '256', 1, '2018-05-27 21:23:41'),
(255, 139, '257', 1, '2018-05-27 21:23:41'),
(256, 140, '258', 1, '2018-05-27 21:23:41'),
(257, 141, '259', 1, '2018-05-27 21:23:41'),
(258, 142, '260', 1, '2018-05-27 21:23:41'),
(259, 143, '261', 1, '2018-05-27 21:23:41'),
(260, 144, '262', 1, '2018-05-27 21:23:41'),
(261, 145, '263', 1, '2018-05-27 21:23:41'),
(262, 146, '264', 1, '2018-05-27 21:23:41'),
(263, 147, '265', 1, '2018-05-27 21:23:41'),
(264, 84, '266', 1, '2018-05-27 21:23:41'),
(265, 148, '267', 1, '2018-05-27 21:23:41'),
(266, 149, '268', 1, '2018-05-27 21:23:41'),
(267, 100, '269', 1, '2018-05-27 21:23:41'),
(268, 100, '270', 1, '2018-05-27 21:23:41'),
(269, 150, '271', 1, '2018-05-27 21:23:41'),
(270, 41, '272', 1, '2018-05-27 21:23:41'),
(271, 151, '273', 1, '2018-05-27 21:23:41'),
(272, 152, '274', 1, '2018-05-27 21:23:41'),
(273, 153, '275', 1, '2018-05-27 21:23:41'),
(274, 154, '276', 1, '2018-05-27 21:23:41'),
(275, 155, '277', 1, '2018-05-27 21:23:41'),
(276, 156, '278', 1, '2018-05-27 21:23:41'),
(277, 157, '279', 1, '2018-05-27 21:23:41'),
(278, 158, '280', 1, '2018-05-27 21:23:41'),
(279, 159, '281', 1, '2018-05-27 21:23:41'),
(280, 160, '282', 1, '2018-05-27 21:23:41'),
(281, 68, '283', 1, '2018-05-27 21:23:41'),
(282, 158, '284', 1, '2018-05-27 21:23:41'),
(283, 161, '285', 1, '2018-05-27 21:23:41'),
(284, 161, '286', 1, '2018-05-27 21:23:41'),
(285, 162, '287', 1, '2018-05-27 21:23:41'),
(286, 56, '288', 1, '2018-05-27 21:23:41'),
(287, 71, '289', 1, '2018-05-27 21:23:41'),
(288, 132, '290', 1, '2018-05-27 21:23:41'),
(289, 163, '291', 1, '2018-05-27 21:23:41'),
(290, 164, '292', 1, '2018-05-27 21:23:42'),
(291, 165, '293', 1, '2018-05-27 21:23:42'),
(292, 165, '294', 1, '2018-05-27 21:23:42'),
(293, 166, '295', 1, '2018-05-27 21:23:42'),
(294, 167, '296', 1, '2018-05-27 21:23:42'),
(295, 92, '297', 1, '2018-05-27 21:23:42'),
(296, 59, '298', 1, '2018-05-27 21:23:42'),
(297, 168, '299', 1, '2018-05-27 21:23:42'),
(298, 79, '300', 1, '2018-05-27 21:23:42'),
(299, 169, '301', 1, '2018-05-27 21:23:42'),
(300, 79, '302', 1, '2018-05-27 21:23:42'),
(301, 170, '303', 1, '2018-05-27 21:23:42'),
(302, 75, '304', 1, '2018-05-27 21:23:42'),
(303, 75, '305', 1, '2018-05-27 21:23:42'),
(304, 171, '306', 1, '2018-05-27 21:23:42'),
(305, 172, '307', 1, '2018-05-27 21:23:42'),
(306, 79, '308', 1, '2018-05-27 21:23:42'),
(307, 173, '309', 1, '2018-05-27 21:23:42'),
(308, 174, '310', 1, '2018-05-27 21:23:42'),
(309, 79, '311', 1, '2018-05-27 21:23:42'),
(310, 79, '312', 1, '2018-05-27 21:23:42'),
(311, 80, '313', 1, '2018-05-27 21:23:42'),
(312, 175, '314', 1, '2018-05-27 21:23:42'),
(313, 44, '315', 1, '2018-05-27 21:23:42'),
(314, 85, '316', 1, '2018-05-27 21:23:42'),
(315, 56, '317', 1, '2018-05-27 21:23:42'),
(316, 176, '318', 1, '2018-05-27 21:23:42'),
(317, 44, '319', 1, '2018-05-27 21:23:42'),
(318, 103, '320', 1, '2018-05-27 21:23:42'),
(319, 177, '321', 1, '2018-05-27 21:23:42'),
(320, 178, '322', 1, '2018-05-27 21:23:42'),
(321, 179, '323', 1, '2018-05-27 21:23:42'),
(322, 78, '324', 1, '2018-05-27 21:23:42'),
(323, 180, '325', 1, '2018-05-27 21:23:42'),
(324, 181, '326', 1, '2018-05-27 21:23:42'),
(325, 80, '327', 1, '2018-05-27 21:23:42'),
(326, 80, '328', 1, '2018-05-27 21:23:42'),
(327, 180, '329', 1, '2018-05-27 21:23:42'),
(328, 75, '330', 1, '2018-05-27 21:23:42'),
(329, 75, '331', 1, '2018-05-27 21:23:42'),
(330, 182, '332', 1, '2018-05-27 21:23:42'),
(331, 183, '333', 1, '2018-05-27 21:23:42'),
(332, 57, '334', 1, '2018-05-27 21:23:42'),
(333, 79, '335', 1, '2018-05-27 21:23:42'),
(334, 184, '336', 1, '2018-05-27 21:23:42'),
(335, 4, '337', 1, '2018-05-27 21:23:42'),
(336, 56, '338', 1, '2018-05-27 21:23:42'),
(337, 56, '339', 1, '2018-05-27 21:23:42'),
(338, 185, '340', 1, '2018-05-27 21:23:42'),
(339, 186, '341', 1, '2018-05-27 21:23:42'),
(340, 187, '342', 1, '2018-05-27 21:23:42'),
(341, 187, '343', 1, '2018-05-27 21:23:42'),
(342, 188, '344', 1, '2018-05-27 21:23:42'),
(343, 186, '345', 1, '2018-05-27 21:23:42'),
(344, 186, '346', 1, '2018-05-27 21:23:42'),
(345, 186, '347', 1, '2018-05-27 21:23:42'),
(346, 187, '348', 1, '2018-05-27 21:23:42'),
(347, 186, '349', 1, '2018-05-27 21:23:42'),
(348, 187, '350', 1, '2018-05-27 21:23:42'),
(349, 186, '351', 1, '2018-05-27 21:23:42'),
(350, 187, '352', 1, '2018-05-27 21:23:42'),
(351, 189, '353', 1, '2018-05-27 21:23:42'),
(352, 190, '354', 1, '2018-05-27 21:23:42'),
(353, 35, '355', 1, '2018-05-27 21:23:42'),
(354, 191, '356', 1, '2018-05-27 21:23:43'),
(355, 192, '357', 1, '2018-05-27 21:23:43'),
(356, 56, '358', 1, '2018-05-27 21:23:43'),
(357, 193, '359', 1, '2018-05-27 21:23:43'),
(358, 90, '360', 1, '2018-05-27 21:23:43'),
(359, 194, '361', 1, '2018-05-27 21:23:43'),
(360, 195, '362', 1, '2018-05-27 21:23:43'),
(361, 196, '363', 1, '2018-05-27 21:23:43'),
(362, 60, '364', 1, '2018-05-27 21:23:43'),
(363, 197, '365', 1, '2018-05-27 21:23:43'),
(364, 198, '366', 1, '2018-05-27 21:23:43'),
(365, 199, '367', 1, '2018-05-27 21:23:43'),
(366, 200, '368', 1, '2018-05-27 21:23:43'),
(367, 201, '369', 1, '2018-05-27 21:23:43'),
(368, 202, '370', 1, '2018-05-27 21:23:43'),
(369, 41, '371', 1, '2018-05-27 21:23:43'),
(370, 203, '372', 1, '2018-05-27 21:23:43'),
(371, 204, '373', 1, '2018-05-27 21:23:43'),
(372, 38, '374', 1, '2018-05-27 21:23:43'),
(373, 177, '375', 1, '2018-05-27 21:23:43'),
(374, 205, '376', 1, '2018-05-27 21:23:43'),
(375, 206, '377', 1, '2018-05-27 21:23:43'),
(376, 158, '378', 1, '2018-05-27 21:23:43'),
(377, 35, '379', 1, '2018-05-27 21:23:43'),
(378, 207, '380', 1, '2018-05-27 21:23:43'),
(379, 35, '381', 1, '2018-05-27 21:23:43'),
(380, 208, '382', 1, '2018-05-27 21:23:43'),
(381, 209, '383', 1, '2018-05-27 21:23:43'),
(382, 210, '384', 1, '2018-05-27 21:23:43'),
(383, 180, '385', 1, '2018-05-27 21:23:43'),
(384, 211, '386', 1, '2018-05-27 21:23:43'),
(385, 67, '387', 1, '2018-05-27 21:23:43'),
(386, 212, '388', 1, '2018-05-27 21:23:43'),
(387, 212, '389', 1, '2018-05-27 21:23:43'),
(388, 213, '390', 1, '2018-05-27 21:23:43'),
(389, 214, '391', 1, '2018-05-27 21:23:43'),
(390, 215, '392', 1, '2018-05-27 21:23:43'),
(391, 216, '393', 1, '2018-05-27 21:23:43'),
(392, 81, '394', 1, '2018-05-27 21:23:43'),
(393, 44, '395', 1, '2018-05-27 21:23:43'),
(394, 92, '396', 1, '2018-05-27 21:23:43'),
(395, 217, '397', 1, '2018-05-27 21:23:43'),
(396, 218, '398', 1, '2018-05-27 21:23:43'),
(397, 219, '399', 1, '2018-05-27 21:23:43'),
(398, 220, '400', 1, '2018-05-27 21:23:43'),
(399, 221, '401', 1, '2018-05-27 21:23:43'),
(400, 222, '402', 1, '2018-05-27 21:23:43'),
(401, 223, '403', 1, '2018-05-27 21:23:43'),
(402, 208, '404', 1, '2018-05-27 21:23:43'),
(403, 208, '405', 1, '2018-05-27 21:23:43'),
(404, 92, '406', 1, '2018-05-27 21:23:43'),
(405, 224, '407', 1, '2018-05-27 21:23:43'),
(406, 104, '408', 1, '2018-05-27 21:23:43'),
(407, 104, '409', 1, '2018-05-27 21:23:43'),
(408, 36, '410', 1, '2018-05-27 21:23:43'),
(409, 225, '411', 1, '2018-05-27 21:23:43'),
(410, 226, '412', 1, '2018-05-27 21:23:43'),
(411, 227, '413', 1, '2018-05-27 21:23:43'),
(412, 226, '414', 1, '2018-05-27 21:23:43'),
(413, 107, '415', 1, '2018-05-27 21:23:43'),
(414, 228, '416', 1, '2018-05-27 21:23:43'),
(415, 107, '417', 1, '2018-05-27 21:23:43'),
(416, 54, '418', 1, '2018-05-27 21:23:43'),
(417, 229, '419', 1, '2018-05-27 21:23:43'),
(418, 229, '420', 1, '2018-05-27 21:23:43'),
(419, 230, '421', 1, '2018-05-27 21:23:43'),
(420, 231, '422', 1, '2018-05-27 21:23:43'),
(421, 36, '423', 1, '2018-05-27 21:23:43'),
(422, 36, '424', 1, '2018-05-27 21:23:43'),
(423, 36, '425', 1, '2018-05-27 21:23:43'),
(424, 232, '426', 1, '2018-05-27 21:23:44'),
(425, 233, '427', 1, '2018-05-27 21:23:44'),
(426, 234, '428', 1, '2018-05-27 21:23:44'),
(427, 235, '429', 1, '2018-05-27 21:23:44'),
(428, 12, '430', 1, '2018-05-27 21:23:44'),
(429, 99, '431', 1, '2018-05-27 21:23:44'),
(430, 236, '432', 1, '2018-05-27 21:23:44'),
(431, 237, '433', 1, '2018-05-27 21:23:44'),
(432, 226, '434', 1, '2018-05-27 21:23:44'),
(433, 34, '435', 1, '2018-05-27 21:23:44'),
(434, 226, '436', 1, '2018-05-27 21:23:44'),
(435, 38, '437', 1, '2018-05-27 21:23:44'),
(436, 193, '438', 1, '2018-05-27 21:23:44'),
(437, 193, '439', 1, '2018-05-27 21:23:44'),
(438, 238, '440', 1, '2018-05-27 21:23:44'),
(439, 239, '441', 1, '2018-05-27 21:23:44'),
(440, 193, '442', 1, '2018-05-27 21:23:44'),
(441, 193, '443', 1, '2018-05-27 21:23:44'),
(442, 193, '444', 1, '2018-05-27 21:23:44'),
(443, 240, '445', 1, '2018-05-27 21:23:44'),
(444, 241, '446', 1, '2018-05-27 21:23:44'),
(445, 242, '447', 1, '2018-05-27 21:23:44'),
(446, 243, '448', 1, '2018-05-27 21:23:44'),
(447, 35, '449', 1, '2018-05-27 21:23:44'),
(448, 244, '450', 1, '2018-05-27 21:23:44'),
(449, 245, '451', 1, '2018-05-27 21:23:44'),
(450, 246, '452', 1, '2018-05-27 21:23:44'),
(451, 117, '453', 1, '2018-05-27 21:23:44'),
(452, 247, '454', 1, '2018-05-27 21:23:44'),
(453, 248, '455', 1, '2018-05-27 21:23:44'),
(454, 249, '456', 1, '2018-05-27 21:23:44'),
(455, 250, '457', 1, '2018-05-27 21:23:44'),
(456, 251, '458', 1, '2018-05-27 21:23:44'),
(457, 169, '459', 1, '2018-05-27 21:23:44'),
(458, 169, '460', 1, '2018-05-27 21:23:44'),
(459, 252, '461', 1, '2018-05-27 21:23:44'),
(460, 56, '462', 1, '2018-05-27 21:23:44'),
(461, 56, '463', 1, '2018-05-27 21:23:44'),
(462, 253, '464', 1, '2018-05-27 21:23:44'),
(463, 254, '465', 1, '2018-05-27 21:23:44'),
(464, 255, '466', 1, '2018-05-27 21:23:44'),
(465, 81, '467', 1, '2018-05-27 21:23:44'),
(466, 118, '468', 1, '2018-05-27 21:23:44'),
(467, 117, '469', 1, '2018-05-27 21:23:44'),
(468, 92, '470', 1, '2018-05-27 21:23:44'),
(469, 53, '471', 1, '2018-05-27 21:23:44'),
(470, 56, '472', 1, '2018-05-27 21:23:44'),
(471, 256, '473', 1, '2018-05-27 21:23:44'),
(472, 256, '474', 1, '2018-05-27 21:23:44'),
(473, 257, '475', 1, '2018-05-27 21:23:44'),
(474, 90, '476', 1, '2018-05-27 21:23:44'),
(475, 127, '477', 1, '2018-05-27 21:23:44'),
(476, 60, '478', 1, '2018-05-27 21:23:44'),
(477, 60, '479', 1, '2018-05-27 21:23:44'),
(478, 60, '480', 1, '2018-05-27 21:23:44'),
(479, 226, '481', 1, '2018-05-27 21:23:44'),
(480, 68, '482', 1, '2018-05-27 21:23:44'),
(481, 68, '483', 1, '2018-05-27 21:23:44'),
(482, 68, '484', 1, '2018-05-27 21:23:44'),
(483, 68, '485', 1, '2018-05-27 21:23:44'),
(484, 68, '486', 1, '2018-05-27 21:23:44'),
(485, 68, '487', 1, '2018-05-27 21:23:44'),
(486, 68, '488', 1, '2018-05-27 21:23:44'),
(487, 258, '489', 1, '2018-05-27 21:23:45'),
(488, 258, '490', 1, '2018-05-27 21:23:45'),
(489, 259, '491', 1, '2018-05-27 21:23:45'),
(490, 260, '492', 1, '2018-05-27 21:23:45'),
(491, 260, '493', 1, '2018-05-27 21:23:45'),
(492, 90, '494', 1, '2018-05-27 21:23:45'),
(493, 261, '495', 1, '2018-05-27 21:23:45'),
(494, 90, '496', 1, '2018-05-27 21:23:45'),
(495, 256, '497', 1, '2018-05-27 21:23:45'),
(496, 262, '498', 1, '2018-05-27 21:23:45'),
(497, 52, '499', 1, '2018-05-27 21:23:45'),
(498, 263, '500', 1, '2018-05-27 21:23:45'),
(499, 12, '501', 1, '2018-05-27 21:23:45'),
(500, 264, '502', 1, '2018-05-27 21:23:45'),
(501, 25, '503', 1, '2018-05-27 21:23:45'),
(502, 265, '504', 1, '2018-05-27 21:23:45'),
(503, 266, '505', 1, '2018-05-27 21:23:45'),
(504, 265, '506', 1, '2018-05-27 21:23:45'),
(505, 265, '507', 1, '2018-05-27 21:23:45'),
(506, 267, '508', 1, '2018-05-27 21:23:45'),
(507, 265, '509', 1, '2018-05-27 21:23:45'),
(508, 265, '510', 1, '2018-05-27 21:23:45'),
(509, 265, '511', 1, '2018-05-27 21:23:45'),
(510, 265, '512', 1, '2018-05-27 21:23:45'),
(511, 265, '513', 1, '2018-05-27 21:23:45'),
(512, 268, '514', 1, '2018-05-27 21:23:45'),
(513, 268, '515', 1, '2018-05-27 21:23:45'),
(514, 269, '516', 1, '2018-05-27 21:23:45'),
(515, 56, '517', 1, '2018-05-27 21:23:45'),
(516, 270, '518', 1, '2018-05-27 21:23:45'),
(517, 271, '519', 1, '2018-05-27 21:23:45'),
(518, 272, '520', 1, '2018-05-27 21:23:45'),
(519, 4, '521', 1, '2018-05-27 21:23:45'),
(520, 4, '522', 1, '2018-05-27 21:23:45'),
(521, 25, '523', 1, '2018-05-27 21:23:45'),
(522, 252, '524', 1, '2018-05-27 21:23:45'),
(523, 25, '525', 1, '2018-05-27 21:23:45'),
(524, 27, '526', 1, '2018-05-27 21:23:45'),
(525, 273, '527', 1, '2018-05-27 21:23:45'),
(526, 252, '528', 1, '2018-05-27 21:23:45'),
(527, 274, '529', 1, '2018-05-27 21:23:45'),
(528, 275, '530', 1, '2018-05-27 21:23:45'),
(529, 268, '531', 1, '2018-05-27 21:23:45'),
(530, 276, '532', 1, '2018-05-27 21:23:45'),
(531, 276, '533', 1, '2018-05-27 21:23:45'),
(532, 265, '534', 1, '2018-05-27 21:23:45'),
(533, 277, '535', 1, '2018-05-27 21:23:45'),
(534, 277, '536', 1, '2018-05-27 21:23:45'),
(535, 278, '537', 1, '2018-05-27 21:23:45'),
(536, 278, '538', 1, '2018-05-27 21:23:45'),
(537, 278, '539', 1, '2018-05-27 21:23:45'),
(538, 276, '540', 1, '2018-05-27 21:23:45'),
(539, 276, '541', 1, '2018-05-27 21:23:45'),
(540, 56, '542', 1, '2018-05-27 21:23:46'),
(541, 56, '543', 1, '2018-05-27 21:23:46'),
(542, 29, '544', 1, '2018-05-27 21:23:46'),
(543, 29, '545', 1, '2018-05-27 21:23:46'),
(544, 25, '546', 1, '2018-05-27 21:23:46'),
(545, 279, '547', 1, '2018-05-27 21:23:46'),
(546, 279, '548', 1, '2018-05-27 21:23:46'),
(547, 280, '549', 1, '2018-05-27 21:23:46'),
(548, 281, '550', 1, '2018-05-27 21:23:46'),
(549, 280, '551', 1, '2018-05-27 21:23:46'),
(550, 282, '552', 1, '2018-05-27 21:23:46'),
(551, 283, '553', 1, '2018-05-27 21:23:46'),
(552, 284, '554', 1, '2018-05-27 21:23:46'),
(553, 275, '555', 1, '2018-05-27 21:23:46'),
(554, 268, '556', 1, '2018-05-27 21:23:46'),
(555, 285, '557', 1, '2018-05-27 21:23:46'),
(556, 56, '558', 1, '2018-05-27 21:23:46'),
(557, 286, '559', 1, '2018-05-27 21:23:46'),
(558, 69, '560', 1, '2018-05-27 21:23:46'),
(559, 287, '561', 1, '2018-05-27 21:23:46'),
(560, 287, '562', 1, '2018-05-27 21:23:46'),
(561, 21, '563', 1, '2018-05-27 21:23:46'),
(562, 21, '564', 1, '2018-05-27 21:23:46'),
(563, 21, '565', 1, '2018-05-27 21:23:46'),
(564, 288, '566', 1, '2018-05-27 21:23:46'),
(565, 289, '567', 1, '2018-05-27 21:23:46'),
(566, 268, '568', 1, '2018-05-27 21:23:46'),
(567, 268, '569', 1, '2018-05-27 21:23:46'),
(568, 290, '570', 1, '2018-05-27 21:23:46'),
(569, 290, '571', 1, '2018-05-27 21:23:46'),
(570, 290, '572', 1, '2018-05-27 21:23:46'),
(571, 291, '573', 1, '2018-05-27 21:23:46'),
(572, 12, '574', 1, '2018-05-27 21:23:46'),
(573, 12, '575', 1, '2018-05-27 21:23:46'),
(574, 12, '576', 1, '2018-05-27 21:23:46'),
(575, 12, '577', 1, '2018-05-27 21:23:46'),
(576, 12, '578', 1, '2018-05-27 21:23:46'),
(577, 12, '579', 1, '2018-05-27 21:23:46'),
(578, 12, '580', 1, '2018-05-27 21:23:46'),
(579, 12, '581', 1, '2018-05-27 21:23:46'),
(580, 44, '582', 1, '2018-05-27 21:23:46'),
(581, 44, '583', 1, '2018-05-27 21:23:46'),
(582, 292, '584', 1, '2018-05-27 21:23:46'),
(583, 47, '585', 1, '2018-05-27 21:23:46'),
(584, 293, '586', 1, '2018-05-27 21:23:46'),
(585, 294, '587', 1, '2018-05-27 21:23:46'),
(586, 60, '588', 1, '2018-05-27 21:23:46'),
(587, 127, '589', 1, '2018-05-27 21:23:46'),
(588, 60, '590', 1, '2018-05-27 21:23:46'),
(589, 60, '591', 1, '2018-05-27 21:23:46'),
(590, 60, '592', 1, '2018-05-27 21:23:46'),
(591, 127, '593', 1, '2018-05-27 21:23:46'),
(592, 12, '594', 1, '2018-05-27 21:23:46'),
(593, 169, '595', 1, '2018-05-27 21:23:46'),
(594, 295, '596', 1, '2018-05-27 21:23:46'),
(595, 296, '597', 1, '2018-05-27 21:23:46'),
(596, 169, '598', 1, '2018-05-27 21:23:46'),
(597, 169, '599', 1, '2018-05-27 21:23:47'),
(598, 297, '600', 1, '2018-05-27 21:23:47'),
(599, 298, '601', 1, '2018-05-27 21:23:47'),
(600, 298, '602', 1, '2018-05-27 21:23:47'),
(601, 244, '603', 1, '2018-05-27 21:23:47'),
(602, 299, '604', 1, '2018-05-27 21:23:47'),
(603, 118, '605', 1, '2018-05-27 21:23:47'),
(604, 44, '606', 1, '2018-05-27 21:23:47'),
(605, 300, '607', 1, '2018-05-27 21:23:47'),
(606, 301, '608', 1, '2018-05-27 21:23:47'),
(607, 302, '609', 1, '2018-05-27 21:23:47'),
(608, 183, '610', 1, '2018-05-27 21:23:47'),
(609, 303, '611', 1, '2018-05-27 21:23:47'),
(610, 304, '612', 1, '2018-05-27 21:23:47'),
(611, 305, '613', 1, '2018-05-27 21:23:47'),
(612, 104, '614', 1, '2018-05-27 21:23:47'),
(613, 306, '615', 1, '2018-05-27 21:23:47'),
(614, 256, '616', 1, '2018-05-27 21:23:47'),
(615, 256, '617', 1, '2018-05-27 21:23:47'),
(616, 260, '618', 1, '2018-05-27 21:23:47'),
(617, 307, '619', 1, '2018-05-27 21:23:47'),
(618, 186, '620', 1, '2018-05-27 21:23:47'),
(619, 186, '621', 1, '2018-05-27 21:23:47'),
(620, 247, '622', 1, '2018-05-27 21:23:47'),
(621, 74, '623', 1, '2018-05-27 21:23:47'),
(622, 183, '624', 1, '2018-05-27 21:23:47'),
(623, 59, '625', 1, '2018-05-27 21:23:47'),
(624, 308, '626', 1, '2018-05-27 21:23:47'),
(625, 212, '627', 1, '2018-05-27 21:23:47'),
(626, 309, '628', 1, '2018-05-27 21:23:47'),
(627, 310, '629', 1, '2018-05-27 21:23:47'),
(628, 310, '630', 1, '2018-05-27 21:23:47'),
(629, 185, '631', 1, '2018-05-27 21:23:47'),
(630, 311, '632', 1, '2018-05-27 21:23:47'),
(631, 312, '633', 1, '2018-05-27 21:23:47'),
(632, 313, '634', 1, '2018-05-27 21:23:47'),
(633, 74, '635', 1, '2018-05-27 21:23:47'),
(634, 44, '636', 1, '2018-05-27 21:23:47'),
(635, 314, '637', 1, '2018-05-27 21:23:47'),
(636, 309, '638', 1, '2018-05-27 21:23:47'),
(637, 36, '639', 1, '2018-05-27 21:23:47'),
(638, 315, '640', 1, '2018-05-27 21:23:47'),
(639, 316, '641', 1, '2018-05-27 21:23:47'),
(640, 8, '642', 1, '2018-05-27 21:23:47'),
(641, 317, '643', 1, '2018-05-27 21:23:47'),
(642, 279, '644', 1, '2018-05-27 21:23:47'),
(643, 69, '645', 1, '2018-05-27 21:23:47'),
(644, 36, '646', 1, '2018-05-27 21:23:47'),
(645, 318, '647', 1, '2018-05-27 21:23:47'),
(646, 104, '648', 1, '2018-05-27 21:23:47'),
(647, 69, '649', 1, '2018-05-27 21:23:47'),
(648, 319, '650', 1, '2018-05-27 21:23:47'),
(649, 320, '651', 1, '2018-05-27 21:23:47'),
(650, 321, '652', 1, '2018-05-27 21:23:47'),
(651, 230, '653', 1, '2018-05-27 21:23:47'),
(652, 36, '654', 1, '2018-05-27 21:23:47'),
(653, 322, '655', 1, '2018-05-27 21:23:47'),
(654, 220, '656', 1, '2018-05-27 21:23:47'),
(655, 231, '657', 1, '2018-05-27 21:23:47'),
(656, 323, '658', 1, '2018-05-27 21:23:47'),
(657, 324, '659', 1, '2018-05-27 21:23:47'),
(658, 325, '660', 1, '2018-05-27 21:23:47'),
(659, 326, '661', 1, '2018-05-27 21:23:47'),
(660, 231, '662', 1, '2018-05-27 21:23:47'),
(661, 318, '663', 1, '2018-05-27 21:23:48'),
(662, 74, '664', 1, '2018-05-27 21:23:48'),
(663, 5, '665', 1, '2018-05-27 21:23:48'),
(664, 60, '666', 1, '2018-05-27 21:23:48'),
(665, 327, '667', 1, '2018-05-27 21:23:48'),
(666, 99, '668', 1, '2018-05-27 21:23:48'),
(667, 129, '669', 1, '2018-05-27 21:23:48');

-- --------------------------------------------------------

--
-- Table structure for table `category`
--

CREATE TABLE `category` (
  `id` int(11) NOT NULL,
  `name` varchar(45) NOT NULL,
  `description` varchar(255) DEFAULT NULL
) ENGINE=InnoDB DEFAULT CHARSET=utf8;

-- --------------------------------------------------------

--
-- Table structure for table `deleted_resource`
--

CREATE TABLE `deleted_resource` (
  `id` int(11) NOT NULL,
  `resource_id` varchar(20) DEFAULT NULL,
  `title` varchar(255) DEFAULT NULL,
  `description` varchar(1024) DEFAULT NULL,
  `publisher` varchar(45) DEFAULT NULL,
  `publish_date` varchar(45) DEFAULT NULL,
  `page_count` int(11) DEFAULT NULL,
  `timestamp` varchar(45) DEFAULT NULL
) ENGINE=InnoDB DEFAULT CHARSET=latin1;

--
-- Dumping data for table `deleted_resource`
--

INSERT INTO `deleted_resource` (`id`, `resource_id`, `title`, `description`, `publisher`, `publish_date`, `page_count`, `timestamp`) VALUES
(1, '123456789', 'Test', 'test test test test', 'test publisher', '7/10/1998', 222, 'sometime'),
(2, '123456789', 'Test', 'test test test test', 'test publisher', '7/10/1998', 222, 'sometime'),
(3, '123456789', 'Test', 'umm description', 'test publisher', '12/32/1234', 45, '2018-08-06 12:27:17');

-- --------------------------------------------------------

--
-- Table structure for table `resource`
--

CREATE TABLE `resource` (
  `id` int(11) NOT NULL,
  `resource_id` varchar(20) NOT NULL,
  `title` varchar(255) DEFAULT NULL,
  `description` varchar(1024) DEFAULT NULL,
  `publisher` varchar(45) DEFAULT NULL,
  `publish_date` varchar(45) DEFAULT NULL,
  `page_count` int(11) DEFAULT NULL,
  `timestamp` varchar(45) NOT NULL
) ENGINE=InnoDB DEFAULT CHARSET=utf8;

--
-- Dumping data for table `resource`
--

INSERT INTO `resource` (`id`, `resource_id`, `title`, `description`, `publisher`, `publish_date`, `page_count`, `timestamp`) VALUES
(1, '9781433530838', 'ESV Study Bible', NULL, NULL, NULL, NULL, '2018-03-05 22:00:00'),
(3, '9781541371941', 'Birds of the Air: Theological Twitter', 'Jesus invented Twitter? Well, He was a master at throwing out brief, pithy sayings that were calculated to provoke and offend. But that put Him at the pointy end of a long line of prophets who trafficked in barbs, riddles and shocking object lessons. Instead of doling out rose water, these troublemakers went straight for the gasoline. Those who indulge in murder and adultery are often the first to insist upon table manners, which is why God sends a Jeremiah to smash the pottery or an Isaiah to preach naked in the street. King Solomon, who was also an accomplished tweeter, might tell us that there is a time to be polite and a time to give some obstinate official a poke in the eye. The truth wrapped in a riddle or a joke is irresistible. What looks like skylarking is sometimes the fowler\'s snare. This selection of airborne quips and eagle-eyed observations by Michael Bull will likely challenge, offend, anger and unsettle. But it will also edify and perhaps even amuse.', 'Createspace Independent Publishing Platform', '12/30/2016', 222, '2018-03-08 06:11:44'),
(15, '9781781919972\r', 'Girls Just Like You', '', 'Christian Focus Publications', '6/2/2017', 128, '2018-05-27 20:58:54'),
(16, '9781781919989\r', 'Boys Just Like Me', '', 'Christian Focus Publications', '6/2/2017', 128, '2018-05-27 20:58:54'),
(17, '9781857923445\r', 'Jesus Is Alive: The Amazing Story (Bible Wise)', '', 'CF4Kids', '3/20/2005', 32, '2018-05-27 20:58:54'),
(18, '9781857927542\r', 'Jesus the Saviour (Bible Alive)', '', 'CF4Kids', '11/20/2002', 24, '2018-05-27 20:58:54'),
(19, '9781857927535\r', 'Jesus the Teacher (Bible Alive)', '', 'CF4Kids', '11/20/2002', 24, '2018-05-27 20:58:54'),
(20, '9781857927504\r', 'Jesus the Storyteller (Bible Alive)', '', 'CF4Kids', '11/20/2002', 24, '2018-05-27 20:58:54'),
(21, '9781857927511\r', 'Jesus the Healer', '', 'Christian Focus', '9/1/2002', 24, '2018-05-27 20:58:54'),
(22, '9781857922974\r', 'Jesus: The Promised Child (Bible Wise)', '', 'CF4Kids', '3/20/2005', 32, '2018-05-27 20:58:54'),
(23, '9781845503307\r', 'Moses the Child', '', 'Christian Focus Publications', '5/20/2008', 24, '2018-05-27 20:58:54'),
(24, '9781857924664\r', 'Noah: Rescue Plan (Bible Wise)', '', 'CF4Kids', '11/20/2007', 34, '2018-05-27 20:58:54'),
(25, '9781857927528\r', 'Jesus the Miracle Worker (Bible Alive)', '', 'CF4Kids', '11/20/2002', 24, '2018-05-27 20:58:54'),
(26, '9781845505608\r', 'John Calvin Little Lights: What is the Truth', '', 'CF4K', '7/12/2010', 24, '2018-05-27 20:58:54'),
(27, '9781857924657\r', 'Paul: Journeys of Adventure (Bible Wise)', '', 'CF4Kids', '3/20/2005', 32, '2018-05-27 20:58:54'),
(28, '9781857922967\r', 'Saul: The Miracle on the Road (Bible Wise)', '', 'CF4Kids', '3/20/2005', 32, '2018-05-27 20:58:54'),
(29, '9781845501693\r', 'Nehemiah: Builder for God (Bible Time)', '', 'CF4Kids', '11/20/2006', 32, '2018-05-27 20:58:54'),
(30, '9781845501952\r', 'Esther: The Brave Queen (Bible Time)', '', 'CF4Kids', '11/20/2006', 32, '2018-05-27 20:58:54'),
(31, '9781857921557\r', 'Daniel: The Praying Prince (Bible Wise)', '', 'CF4Kids', '3/20/2005', 32, '2018-05-27 20:58:54'),
(32, '9781857920970\r', 'Elijah: God\'s Miracle Man (Bible Wise)', '', 'CF4Kids', '3/20/2005', 32, '2018-05-27 20:58:54'),
(33, '9781845502898\r', 'Jonathan: The Faithful Friend (Bible Wise)', '', 'CF4Kids', '11/20/2007', 32, '2018-05-27 20:58:54'),
(34, '9781845504892\r', 'David the King', '', 'Christian Focus Publications', '11/20/2009', 24, '2018-05-27 20:58:54'),
(35, '9781857921984\r', 'David: The Fearless Fighter (Bible Wise)', '', 'CF4Kids', '3/20/2005', 32, '2018-05-27 20:58:54'),
(36, '9781845504861\r', 'David the Shepherd: A man of courage (Bible Alive)', '', 'CF4Kids', '1/20/2010', 24, '2018-05-27 20:58:54'),
(37, '9781857921991\r', 'Samuel: The Boy Who Listened (Bible Wise)', '', 'CF4Kids', '3/20/2005', 32, '2018-05-27 20:58:54'),
(38, '9781845501631\r', 'Hannah: The Mother who Prayed (Bible Time)', '', 'CF4Kids', '11/20/2006', 32, '2018-05-27 20:58:54'),
(39, '9781781913284\r', 'Samson: The Strong Man\'s Strength (Bible Wise)', '', 'CF4Kids', '9/20/2014', 32, '2018-05-27 20:58:54'),
(40, '9781845501969\r', 'Gideon: Soldier of God (Bible Time)', '', 'CF4Kids', '11/20/2006', 32, '2018-05-27 20:58:54'),
(41, '9781845501662\r', 'Joshua: The Brave Leader (Bible Time)', '', 'CF4Kids', '11/20/2006', 32, '2018-05-27 20:58:54'),
(42, '9781857920987\r', 'Big Sister\'s Secret : The Story of Miriam (Bible Wise); The', '', 'CF4Kids', '11/20/2007', 32, '2018-05-27 20:58:54'),
(43, '9781845503819\r', 'Moses: Man of God (Bible Time)', '', 'CF4Kids', '11/20/2008', 32, '2018-05-27 20:58:54'),
(44, '9781845503338\r', 'Moses the Traveller', '', 'Christian Focus Publications', '5/20/2008', 24, '2018-05-27 20:58:54'),
(45, '9781845503314\r', 'Moses the Shepherd: Chosen by God (Bible Alive)', '', 'CF4Kids', '7/20/2008', 24, '2018-05-27 20:58:55'),
(46, '9781845503321\r', 'Moses the Leader: Used By God (Bible Alive)', '', 'CF4Kids', '7/20/2008', 24, '2018-05-27 20:58:55'),
(47, '9781857923438\r', 'Joseph: God\'s Dreamer (Bible Wise)', '', 'CF4Kids', '1/20/2005', 32, '2018-05-27 20:58:55'),
(48, '9781857921564\r', 'Sarah & Abraham: The Wonderful Promise (Bible Wise)', '', 'CF4Kids', '9/20/2007', 32, '2018-05-27 20:58:55'),
(49, '9781781913277\r', 'Job: The Patient Friend (Bible Wise)', '', 'CF4Kids', '9/20/2014', 32, '2018-05-27 20:58:55'),
(50, '9781857927498\r', 'Jesus the Child (Bible Alive)', '', 'CF4Kids', '11/20/2002', 24, '2018-05-27 20:58:55'),
(51, '9781845502904\r', 'Barnabas: The Encourager (Bible Wise)', '', 'CF4Kids', '11/20/2007', 32, '2018-05-27 20:58:55'),
(52, '9781845503826\r', 'Paul: The Wise Preacher (Bible Time)', '', 'CF4Kids', '11/20/2008', 32, '2018-05-27 20:58:55'),
(53, '9781848717268\r', 'Woman Who Loved To Give Books (Banner Board Books); The', '', 'Banner of Truth', '11/10/2017', 16, '2018-05-27 21:19:45'),
(54, '9781848717695\r', 'Woman Who Helped A Reformer (Banner Board Books); The', '', 'Banner of Truth', '11/10/2017', 16, '2018-05-27 21:19:45'),
(55, '9781848717251\r', 'Man Who Preached Outside (Banner Board Books); The', '', 'Banner of Truth', '11/10/2017', 16, '2018-05-27 21:19:45'),
(56, '9781433558184\r', 'Biggest Story ABC; The', '', 'Crossway', '8/31/2017', 32, '2018-05-27 21:19:45'),
(57, '9781845503840\r', 'David Livingstone: Who is the bravest? (Little Lights)', '', 'CF4K', '10/23/2008', 24, '2018-05-27 21:19:45'),
(58, '9781845505615\r', 'Martin Luther Little Lights: What Should I do?', '', 'Christian Focus', '7/12/2010', 24, '2018-05-27 21:19:45'),
(59, '9781845507909\r', 'Eric Liddell: Are you ready? (Little Lights)', '', 'CF4Kids', '5/20/2012', 24, '2018-05-27 21:19:45'),
(60, '9781845507916\r', 'Mary Slessor: What is it like? (Little Lights)', '', 'CF4Kids', '5/20/2012', 24, '2018-05-27 21:19:45'),
(61, '9780851513201\r', 'They Shall Be Mine', '', 'Banner of Truth', '6/1/1981', 128, '2018-05-27 21:19:45'),
(62, '9780851513843\r', 'Voyage to Freedom - a Story of the Atlantic Crossing 1620', '', 'Banner of Truth', '6/1/1984', 160, '2018-05-27 21:19:45'),
(63, '9781845503833\r', 'Helen Roseveare: What\'s in the parcel? (Little Lights)', '', 'CF4K', '10/21/2008', 24, '2018-05-27 21:19:45'),
(64, '9781845501105\r', 'George Muller: Does Money Grow On Trees? (Little Lights)', '', 'CF4K', '7/24/2006', 24, '2018-05-27 21:19:45'),
(65, '9781845501099\r', 'Corrie Ten Boom: Are all of the watches safe? (Little Lights)', '', 'CF4Kids', '1/20/2006', 24, '2018-05-27 21:19:45'),
(66, '9781845501112\r', 'Hudson Taylor: Can Somebody Pass The Salt (Little Lights)', '', 'CF4K', '1/1/2006', 24, '2018-05-27 21:19:45'),
(67, '9781845501082\r', 'Amy Carmichael: Can Brown Eyes Be Made Blue (Little Lights)', '', 'CF4K', '1/1/2006', 24, '2018-05-27 21:19:45'),
(68, '9780999240311\r', 'Katharine von Bora: The Morning Star of Wittenberg', '', 'Unbroken Faith Productions', '8/16/2017', 52, '2018-05-27 21:19:45'),
(69, '9781942572282\r', 'Ology: Ancient Truths; Ever New; The', '', 'New Growth Press', '10/21/2015', 224, '2018-05-27 21:21:03'),
(70, '9781857923711\r', 'William Wilberforce: The Freedom Fighter (Trailblazers)', '', 'CF4Kids', '9/20/2004', 144, '2018-05-27 21:21:03'),
(71, '9781845505905\r', 'Eric Liddell: Finish the Race', '', 'CF4Kids', '11/20/2011', 160, '2018-05-27 21:21:03'),
(72, '9781781915240\r', 'Lottie Moon: Changing China for Christ (Trailblazers)', '', 'CF4Kids', '12/20/2014', 160, '2018-05-27 21:21:03'),
(73, '9781857925944\r', 'Gladys Aylward No Mountain Too High (Trail Blazers)', '', 'Christian Focus', '1/1/2003', 160, '2018-05-27 21:21:03'),
(74, '9781857929461\r', 'Amy Carmichael Rescuer By Night', '', 'Christian Focus', '12/31/1969', 144, '2018-05-27 21:21:03'),
(75, '9781845508180\r', 'Mary of Orange: At the Mercy of Kings (Trailblazers)', '', 'CF4Kids', '7/20/2012', 176, '2018-05-27 21:21:03'),
(76, '9781845503291\r', 'Jonathan Edwards: America\'s Genius (Trailblazers)', '', 'CF4Kids', '3/18/2008', 160, '2018-05-27 21:21:03'),
(77, '9781781918036\r', 'Ulrich Zwingli: Shepherd Warrior (Trailblazers)', '', 'CF4Kids', '7/20/2016', 160, '2018-05-27 21:21:03'),
(78, '9781857923902\r', 'Long; Long Ago in Jerusalem', '', 'Christian Focus Publications', '1/20/2002', 48, '2018-05-27 21:21:03'),
(79, '9781857924794\r', 'God Knows Everything Board Book (Learn about God (Board Books))', '', 'CF4Kids', '9/20/2008', 14, '2018-05-27 21:21:03'),
(80, '9781857929850\r', 'Selfish Servant (Stories Jesus Told (Board Books)); The', '', 'CF4Kids', '1/20/2005', 16, '2018-05-27 21:21:03'),
(81, '9781601783905\r', 'Marie Durand - Christian Biographies for Young Readers', '', 'Reformation Heritage Books', '6/10/2015', 64, '2018-05-27 21:23:38'),
(82, '9781881545781\r', 'Luther; the Leader', '', 'AB Publishing', '', 96, '2018-05-27 21:23:38'),
(83, '9781930092167\r', 'Martin Luther: The Great Reformer', '', 'Christian Liberty Press', '', 108, '2018-05-27 21:23:38'),
(84, '9781857921168\r', 'Corrie Ten Boom: The Watchmaker\'s Daughter (Trailblazers)', '', 'CF4Kids', '9/20/2003', 192, '2018-05-27 21:23:38'),
(85, '9781781913505\r', 'John Newton: A Slave Set Free', '', 'CF4K', '5/5/2014', 160, '2018-05-27 21:23:38'),
(86, '9781781915233\r', 'Hannah More: The Woman Who Wouldn\'t Stop Writing (Trailblazers)', '', 'CF4Kids', '12/20/2014', 128, '2018-05-27 21:23:38'),
(87, '9781781915226\r', 'Frances Ridley Havergal', '', 'Christian Focus Publications', '11/20/2014', 176, '2018-05-27 21:23:38'),
(88, '9781781912966\r', 'Augustine: The Truth Seeker (Trailblazers)', '', 'CF4Kids', '5/20/2014', 128, '2018-05-27 21:23:38'),
(89, '9781781910573\r', 'John Knox: The Sharpened Sword (Trailblazers)', '', 'CF4Kids', '1/20/2013', 176, '2018-05-27 21:23:38'),
(90, '9781781915219\r', 'Martin Luther: Reformation Fire (Trailblazers)', '', 'CF4Kids', '12/20/2014', 0, '2018-05-27 21:23:38'),
(91, '9781857923483\r', 'Mary Slessor: Servant to the Slave (Trailblazers)', '', 'CF4Kids', '7/20/2001', 192, '2018-05-27 21:23:38'),
(92, '9781846254451\r', 'Keep Inching Along (52 Spurgeon Stories for Children)', '', 'Day One Publications', '7/20/2015', 0, '2018-05-27 21:23:38'),
(93, '9780852347997\r', 'Matthew Henry (Bitesize Biography) (Bitesize Biographies)', '', 'Evangelical Press', '9/1/2012', 128, '2018-05-27 21:23:38'),
(94, '9780852349540\r', 'William Farel (Bitesize Biographies)', '', 'Evangelical Press', '1/17/2014', 128, '2018-05-27 21:23:38'),
(95, '9781783970575\r', 'J. Gresham Machen', '', 'Evangelical Press', '7/1/2015', 130, '2018-05-27 21:23:38'),
(96, '9781783970827\r', 'Ulrich Zwingli', '', 'Evangelical Press', '3/10/2015', 164, '2018-05-27 21:23:38'),
(97, '9781783970728\r', 'Thomas Chalmers Bitesize Biography', '', 'Evangelical Press', '2/2/2015', 0, '2018-05-27 21:23:38'),
(98, '9780852347935\r', 'Augustus Toplady (Bitesize Biography) (Bitesize Biographies)', '', 'Evangelical Press', '5/1/2012', 112, '2018-05-27 21:23:38'),
(99, '9780852347591\r', 'John Knox (Bitesize Biographies)', '', 'Evangelical Press', '1/1/2012', 112, '2018-05-27 21:23:38'),
(100, '9780852347843\r', 'Zachary Macaulay', '', 'Evangelical Press', '12/1/2012', 160, '2018-05-27 21:23:38'),
(101, '9780852347928\r', 'FRANCIS SCHAEFFER (Bitesize Biographies)', '', 'Evangelical Press', '6/21/2012', 146, '2018-05-27 21:23:38'),
(102, '9780852347607\r', 'Dr David Martyn Lloyd-Jones', '', 'Evangelical Press', '1/1/2012', 128, '2018-05-27 21:23:38'),
(103, '9781783970018\r', 'Girolamo Savonarola (Bitesize Biographies)', '', 'Evangelical Press', '3/31/2014', 143, '2018-05-27 21:23:38'),
(104, '9780852349311\r', 'William Gadsby', '', 'Evangelical Press', '12/16/2013', 152, '2018-05-27 21:23:39'),
(105, '9780852349274\r', 'Charles Hodge', '', 'Evangelical Press', '5/20/2013', 128, '2018-05-27 21:23:39'),
(106, '9781601785329\r', 'Reformation Women: Sixteenth-Century Figures Who Shaped Christianity\'s Rebirth', '', 'Reformation Heritage Books', '4/25/2017', 136, '2018-05-27 21:23:39'),
(107, '9781433548925\r', 'Eight Women of Faith', '', 'Crossway', '7/31/2016', 160, '2018-05-27 21:23:39'),
(108, '9781857921847\r', 'Robert Murray McCheyne: A Burning Light (History Maker)', '', 'Christian Focus', '10/12/2001', 58, '2018-05-27 21:23:39'),
(109, '9781601784520\r', '\"\"\"Sweetly Set on God\"\": The Piety of David Brainerd\"', '', 'Reformation Heritage Books', '2/19/2016', 136, '2018-05-27 21:23:39'),
(110, '9781601784766\r', 'Church History 101: The Highlights of Twenty Centuries', '', 'Reformation Heritage Books', '5/27/2016', 112, '2018-05-27 21:23:39'),
(111, '9781433550867\r', 'Theologians You Should Know: An Introduction: From the Apostolic Fathers to the 21st Century', '', 'Crossway', '6/30/2016', 336, '2018-05-27 21:23:39'),
(112, '9781848717657\r', 'John G. Paton', '', 'Banner of Truth Trust; The', '1/1/2018', 208, '2018-05-27 21:23:39'),
(113, '9781629953311\r', 'Beyond the Ninety-Five Theses: Martin Luther\'s Life; Thought; and Lasting Legacy', '', 'P & R Publishing', '11/30/2016', 304, '2018-05-27 21:23:39'),
(114, '9781903087640\r', 'Opening up Philippians (Opening up the Bible)', '', 'Day One Publications', '6/23/2005', 96, '2018-05-27 21:23:39'),
(115, '9780852344064\r', 'He is Altogether Lovely', '', 'EP BOOKS', '10/1/1998', 237, '2018-05-27 21:23:39'),
(116, '9780852346150\r', 'Foundations of the Faith', '', 'Evangelical Press', '9/1/2006', 346, '2018-05-27 21:23:39'),
(117, '9781567697438\r', 'Learning to Love the Psalms', '', 'Ligonier Ministries', '1/1/2017', 0, '2018-05-27 21:23:39'),
(118, '9781846252921\r', 'Faith That Endures: Meditations on Hebrews 11 (Reflections); A', '', 'Day One Publications', '11/30/2011', 128, '2018-05-27 21:23:39'),
(119, '9780852343159\r', 'Alive in Christ (Ephesians)', '', 'Evangelical Press', '4/1/1994', 186, '2018-05-27 21:23:39'),
(120, '9780852349342\r', 'True Word for Tough Times', '', 'Evangelical Press', '7/19/2013', 128, '2018-05-27 21:23:39'),
(121, '9780851519586\r', 'Raising Children God\'s Way', '', 'Banner of Truth', '6/1/2007', 96, '2018-05-27 21:23:39'),
(122, '9781781915387\r', 'Spurgeon\'s Sorrows: Realistic Hope for those who Suffer from Depression', '', 'Christian Focus', '12/20/2014', 144, '2018-05-27 21:23:39'),
(123, '9781601781123\r', 'Developing a Healthy Prayer Life', '', 'Reformation Heritage Books', '3/1/2011', 99, '2018-05-27 21:23:39'),
(124, '9780852349472\r', 'Developing Healthy Spiritual Growth: Knowledge; Practice and Experience', '', 'Evangelical Press', '10/18/2013', 144, '2018-05-27 21:23:39'),
(125, '9781601783813\r', 'How Should We Develop Biblical Friendship? - Cultivating Biblical Godliness Series', '', 'Reformation Heritage Books', '6/23/2015', 32, '2018-05-27 21:23:39'),
(126, '9781601784551\r', 'How Can I Cultivate Private Prayer?', '', 'Reformation Heritage Books', '3/21/2016', 32, '2018-05-27 21:23:39'),
(127, '9780852347485\r', 'How Sermons Work', '', 'Evangelical Press', '8/1/2011', 112, '2018-05-27 21:23:39'),
(128, '9780852341827\r', 'How to Enjoy Your Bible', '', 'Evangelical Press', '7/1/2014', 228, '2018-05-27 21:23:39'),
(129, '\r', 'Haggai Zechariah Malachi', '', '', '', 0, '2018-05-27 21:23:39'),
(130, '9780801018473\r', 'What We Believe: Understanding and Confessing the Apostles\' Creed', '', 'Baker Books', '11/3/2015', 224, '2018-05-27 21:23:39'),
(131, '9781434704221\r', 'God\'s Love: How the Infinite God Cares for His Children (Classic Theology)', '', 'David C. Cook', '9/1/2012', 256, '2018-05-27 21:23:39'),
(132, '9781567692037\r', 'Welcome to a Reformed Church: A Guide for Pilgrims', '', 'Reformation Trust Publishing', '3/17/2010', 178, '2018-05-27 21:23:39'),
(133, '9781596380837\r', 'What is Justification by Faith Alone? (Basics of the Reformed Faith)', '', 'P & R Publishing', '2/15/2008', 32, '2018-05-27 21:23:39'),
(134, '9780310515050\r', 'Next Story: Faith; Friends; Family; and the Digital World; The', '', 'Zondervan', '3/10/2015', 224, '2018-05-27 21:23:39'),
(135, '9781629952420\r', 'Prayer Pathway', '', 'P & R Publishing', '8/31/2016', 280, '2018-05-27 21:23:39'),
(136, '9780851516585\r', 'Thought of God', '', 'Banner of Truth', '5/1/1994', 242, '2018-05-27 21:23:39'),
(137, '9781433537752\r', 'Name above All Names', '', 'Crossway', '5/31/2013', 192, '2018-05-27 21:23:39'),
(138, '9781871676280\r', 'Christ\'s Glorious Achievements (The Spurgeon Collection)', '', 'Christian Heritage', '5/21/2006', 192, '2018-05-27 21:23:39'),
(139, '9780851517605\r', 'Old Paths', '', 'Banner of Truth', '5/20/1999', 521, '2018-05-27 21:23:39'),
(140, '9781567692815\r', 'God in Our Midst', '', 'Reformation Trust Publishing', '6/15/2012', 272, '2018-05-27 21:23:39'),
(141, '9780852346846\r', 'Lord of Glory: Day by Day Devotions with Your Children; The', '', 'EP BOOKS', '9/1/2010', 767, '2018-05-27 21:23:39'),
(142, '9780852347249\r', 'Get a Grip', '', 'Evangelical Press', '9/1/2010', 128, '2018-05-27 21:23:39'),
(143, '9781848713000\r', 'Catechizing Our Children: The Whys and Hows of Teaching the Shorter Catechism Today', '', 'Banner of Truth', '10/8/2013', 104, '2018-05-27 21:23:39'),
(144, '9781567690873\r', 'Truth of the Cross; The', '', 'Reformation Trust Publishing', '7/1/2007', 178, '2018-05-27 21:23:39'),
(145, '9781845506476\r', 'Faith: What it is and what it leads to', '', 'Christian Heritage', '3/21/2003', 80, '2018-05-27 21:23:39'),
(146, '9781857926521\r', 'Counsel for Christian Workers', '', 'Christian Heritage', '5/21/2006', 128, '2018-05-27 21:23:39'),
(147, '9781433511851\r', 'Be Still; My Soul (25 Classic and Contemporary Readings on the Problem of Pain): Embracing God\'s Purpose and Provision in Suffering', '', 'Crossway', '2/3/2010', 176, '2018-05-27 21:23:39'),
(148, '9780851519814\r', 'Impure Lust (Pocket Puritan Series) (The Pocket Puritan Series)', '', 'Banner of Truth', '5/31/2008', 80, '2018-05-27 21:23:39'),
(149, '9781848710955\r', 'Prayers on the Psalms: From The Scottish Psalter of 1595 (Pocket Puritans)', '', 'Banner of Truth', '9/1/2010', 152, '2018-05-27 21:23:39'),
(150, '9780851511634\r', 'Letters of Samuel Rutherford (Puritan Paperbacks); The', '', 'Banner of Truth', '5/1/1973', 206, '2018-05-27 21:23:39'),
(151, '9781848714076\r', 'None But Jesus (Pocket Puritans)', '', 'Banner of Truth', '4/15/2014', 176, '2018-05-27 21:23:39'),
(152, '9780851519791\r', 'Anger Management (Pocket Puritans)', '', 'Banner of Truth', '5/31/2008', 64, '2018-05-27 21:23:39'),
(153, '9781848717725\r', 'Duties of Christian Fellowship (Puritan Paperbacks)', '', 'Banner of Truth', '10/30/2017', 96, '2018-05-27 21:23:39'),
(154, '9780851517919\r', 'Glorious Freedom: The Excellency of the Gospel Above the Law (Puritan Paperbacks)', '', 'Banner of Truth', '9/14/2000', 208, '2018-05-27 21:23:39'),
(155, '9781848717589\r', 'Crook in the Lot (Puritan Paperbacks); The', '', 'Banner of Truth', '4/7/2017', 168, '2018-05-27 21:23:39'),
(156, '9780802424617\r', 'Jonathan Edwards on Heaven and Hell (The Essential Edwards Collection)', '', 'Moody Publishers', '1/21/2010', 160, '2018-05-27 21:23:39'),
(157, '9780802424594\r', 'Jonathan Edwards on the Good Life (The Essential Edwards Collection)', '', 'Moody Publishers', '1/21/2010', 160, '2018-05-27 21:23:39'),
(158, '9780802424600\r', 'Jonathan Edwards on True Christianity (The Essential Edwards Collection)', '', 'Moody Publishers', '1/21/2010', 160, '2018-05-27 21:23:39'),
(159, '9780802424587\r', 'Jonathan Edwards on Beauty (The Essential Edwards Collection)', '', 'Moody Publishers', '1/21/2010', 160, '2018-05-27 21:23:39'),
(160, '9780802424570\r', 'Jonathan Edwards Lover of God (The Essential Edwards Collection)', '', 'Moody Publishers', '1/21/2010', 160, '2018-05-27 21:23:39'),
(161, '9780801015021\r', 'What is Reformed Theology? Understanding the Basics', '', 'Baker Books', '', 236, '2018-05-27 21:23:39'),
(162, '9780851518718\r', 'Mysterious Ways', '', 'Banner of Truth', '6/30/2004', 96, '2018-05-27 21:23:39'),
(163, '9781596381711\r', 'Discovering God in Stories from the Bible', '', 'P & R Publishing', '2/10/2010', 240, '2018-05-27 21:23:39'),
(164, '9781848717824\r', 'Is All Scripture Inspired?', '', 'Banner of Truth', '8/14/2017', 80, '2018-05-27 21:23:40'),
(165, '9780781441650\r', 'Cracking Da Vinci\'s Code: You\'ve Read the Fiction; Now Read the Facts', '', 'David C. Cook', '4/1/2004', 256, '2018-05-27 21:23:40'),
(166, '9781781912997\r', 'Christian\'s Pocket Guide to Papacy: Its origin and role in the 21st century; A', '', 'Christian Focus', '3/20/2014', 128, '2018-05-27 21:23:40'),
(167, '9781619582309\r', 'Faith That Lasts', '', 'CLC Publications', '8/23/2016', 0, '2018-05-27 21:23:40'),
(168, '9780875526362\r', 'Pages From Church History: A Guided Tour of Christian Classics', '', 'P & R Publishing', '12/1/2006', 329, '2018-05-27 21:23:40'),
(169, '9781581348293\r', 'Reformation: How a Monk and a Mallet Changed the World; The', '', 'Crossway', '2/14/2007', 160, '2018-05-27 21:23:40'),
(170, '9781433555220\r', 'Refresh', '', 'Crossway', '10/31/2017', 208, '2018-05-27 21:23:40'),
(171, '9781619580763\r', 'Resisting Gossip: Winning the War of the Wagging Tongue', '', 'CLC Publications', '9/3/2013', 192, '2018-05-27 21:23:40'),
(172, '9780852346808\r', 'Fearless Pilgrim: The Life and Times of John Bunyan', '', 'Evangelical Press', '1/1/2008', 528, '2018-05-27 21:23:40'),
(173, '9780852343869\r', 'Taken Up to Heaven', '', 'Evangelical Press', '', 144, '2018-05-27 21:23:40'),
(174, '9780852346303\r', 'Gentle Rain on Tender Grass', '', 'Evangelical Press', '9/1/2016', 0, '2018-05-27 21:23:40'),
(175, '9780852344477\r', 'Bitesize Theology: An ABC of the Christian Faith', '', 'Evangelical Press', '7/1/2000', 128, '2018-05-27 21:23:40'),
(176, '9781781915851\r', 'Silent Shades of Sorrow: Healing for the Wounded (C.H. Spurgeon Classics); The', '', 'Christian Heritage', '12/20/2015', 144, '2018-05-27 21:23:40'),
(177, '9780852343050\r', 'Nothing But the Truth', '', 'Evangelical Press', '12/1/1993', 392, '2018-05-27 21:23:40'),
(178, '9780851519715\r', 'Sickness; Suffering and Scripture', '', 'Banner of Truth', '6/1/2008', 79, '2018-05-27 21:23:40'),
(179, '9781903087121\r', 'Travel with John Bunyan: Exploring the World of John Bunyan; Author of the Pilgrims Progress (Travel Guide with S)', '', 'Dayone C/O Grace Books', '6/23/2005', 128, '2018-05-27 21:23:40'),
(180, '9781848710399\r', 'Come Down; Lord!', '', 'Banner of Truth', '7/31/2009', 58, '2018-05-27 21:23:40'),
(181, '9780851517926\r', 'Christian\'s High Calling', '', 'Banner of Truth', '11/1/2000', 240, '2018-05-27 21:23:40'),
(182, '9780902548695\r', 'Ten Commandments for Today; The', '', 'DAY ONE PUBLICATIONS', '1/1/1996', 288, '2018-05-27 21:23:40'),
(183, '9780851513171\r', 'Sketches from Church History', '', 'Banner of Truth', '12/1/1980', 256, '2018-05-27 21:23:40'),
(184, '9780851516332\r', 'Read Any Good Books?', '', 'Banner of Truth; The', '1/1/1992', 32, '2018-05-27 21:23:40'),
(185, '9781401676315\r', 'Church History in Plain Language: Fourth Edition', '', 'Thomas Nelson', '12/3/2012', 560, '2018-05-27 21:23:40'),
(186, '9781601785497\r', 'How Can I Serve God at Work?', '', 'Reformation Heritage Books', '6/23/2017', 32, '2018-05-27 21:23:40'),
(187, '9781601783028\r', 'How Should Teenagers Read the Bible? - Cultivating Biblical Godliness', '', 'Reformation Heritage Books', '4/21/2014', 32, '2018-05-27 21:23:40'),
(188, '9781601785640\r', 'How Can I Honor Christ in Fighting Cancer', '', 'Reformation Heritage Books', '9/15/2017', 0, '2018-05-27 21:23:40'),
(189, '9781848711587\r', 'Death of The Saviour; The', '', 'Banner of Truth', '5/1/2012', 105, '2018-05-27 21:23:40'),
(190, '9780851518848\r', 'Both Sides Now', '', 'Banner of Truth Trust; The', '10/1/2004', 112, '2018-05-27 21:23:40'),
(191, '9781601782687\r', 'Why Christ Came: 31 Meditations on the Incarnation', '', 'Reformation Heritage Books', '9/9/2013', 160, '2018-05-27 21:23:40'),
(192, '9780892217526\r', 'Reset for Parents', '', 'New Leaf Publishing Group', '1/26/2017', 192, '2018-05-27 21:23:40'),
(193, '9781567697414\r', 'John Calvin: A Heart for Devotion; Doctrine; and Doxology', '', 'Reformation Trust Publishing', '9/2/2016', 257, '2018-05-27 21:23:40'),
(194, '9781848710245\r', 'Heroes', '', 'Banner of Truth', '2/1/2009', 302, '2018-05-27 21:23:40'),
(195, '9780875525570\r', 'Martin Luther\'s 95 Theses', '', 'P & R Publishing', '4/1/2003', 48, '2018-05-27 21:23:40'),
(196, '9781601785541\r', 'All That Is in God', '', 'Reformation Heritage Books', '7/1/2017', 0, '2018-05-27 21:23:40'),
(197, '9780310534068\r', 'Rediscovering the Holy Spirit', '', 'Zondervan', '4/25/2017', 336, '2018-05-27 21:23:40'),
(198, '9781601780447\r', 'Reformed Confessions of the 16th and 17th Centuries in English Translation: 1523-1552 Volume 1', '', 'Reformation Heritage Books', '6/15/2008', 820, '2018-05-27 21:23:40'),
(199, '9781601780874\r', 'Reformed Confessions of the 16th and 17th Centuries in English Translation: 1552-1566 Volume 2', '', 'Reformation Heritage Books', '4/1/2010', 909, '2018-05-27 21:23:40'),
(200, '9781601781642\r', 'Reformed Confessions of the 16th and 17th Centuries in English Translation: Volume 3; 1567 1599', '', 'Reformation Heritage Books', '12/12/2012', 928, '2018-05-27 21:23:40'),
(201, '9781601782809\r', 'Reformed Confessions of the 16th and 17th Centuries in English Translation; Volume 4; 16001693', '', 'Reformation Heritage Books', '2/28/2014', 800, '2018-05-27 21:23:40'),
(202, '9781596382206\r', 'Walking with Jesus Through His Word: Discovering Christ in All the Scriptures', '', 'P & R Publishing', '5/18/2015', 320, '2018-05-27 21:23:40'),
(203, '9780851512037\r', 'Book of Comfort for Those in Sickness; A', '', 'Banner of Truth', '', 100, '2018-05-27 21:23:40'),
(204, '9781892777041\r', 'Knowing & Living Christian Life: Weekly Devotions', '', 'Reformation Heritage Books', '6/5/2001', 295, '2018-05-27 21:23:40'),
(205, '9780851512549\r', 'man of Geneva: The story of John Calvin; The', '', 'Banner of Truth Trust', '1/1/1977', 129, '2018-05-27 21:23:40'),
(206, '9780851513140\r', 'Shorter Catechism Explained from Scripture (Puritan Paperbacks); The', '', 'Banner of Truth', '6/1/1980', 282, '2018-05-27 21:23:40'),
(207, '9780851514345\r', 'Milk of the Word', '', 'Banner of Truth', '3/1/1985', 80, '2018-05-27 21:23:40'),
(208, '9780310286905\r', 'God With Us: The Miracle of Christmas', '', 'Zondervan', '9/20/1990', 143, '2018-05-27 21:23:40'),
(209, '9780852341247\r', 'Gospel As It Really Is. Romans Simply Explained; The', '', 'Evangelical Press (Welwyn Commentary)', '1/1/1987', 0, '2018-05-27 21:23:40'),
(210, '9781599250120\r', 'Early Piety Illustrated', '', 'Solid Ground Christian Books', '9/1/2005', 0, '2018-05-27 21:23:40'),
(211, '9781596381155\r', 'Hope Fulfilled: Essays in Honor of O. Palmer Robertson; The', '', 'P & R Publishing', '5/27/2008', 496, '2018-05-27 21:23:40'),
(212, '9781599252803\r', 'Power of Faith: Exemplified in the Life & Writings of Isabella Graham; The', '', 'Solid Ground Christian Books', '5/14/2012', 446, '2018-05-27 21:23:40'),
(213, '9780802864994\r', 'Christianity and Liberalism', '', 'William B. Eerdmans Publishing Company', '5/1/2009', 158, '2018-05-27 21:23:40'),
(214, '9781434704245\r', 'How Then Shall We Worship?: Biblical Principles to Guide Us Today', '', 'David C. Cook', '5/1/2013', 256, '2018-05-27 21:23:40'),
(215, '9781567690880\r', 'Jesus the Evangelist: Learning to Share the Gospel from the Book of John', '', 'Reformation Trust Publishing', '7/1/2007', 208, '2018-05-27 21:23:40'),
(216, '9780883682609\r', 'John Ploughmans Talks', '', 'Whitaker House', '', 193, '2018-05-27 21:23:40'),
(217, '9780851515885\r', 'Call the Sabbath a Delight', '', 'Banner of Truth', '4/1/1991', 122, '2018-05-27 21:23:40'),
(218, '9781932474701\r', 'Mother at Home; The', '', 'Solid Ground Christian Books', '3/9/2005', 148, '2018-05-27 21:23:40'),
(219, '9781596382060\r', 'Written in Stone: The Ten Commandments and Today\'s Moral Crisis', '', 'P & R Publishing', '6/1/2010', 240, '2018-05-27 21:23:40'),
(220, '9781599250762\r', 'ADVICE TO A YOUNG CHRISTIAN', '', 'Solid Ground Christian Books', '5/29/2006', 176, '2018-05-27 21:23:40'),
(221, '9781846253409\r', 'You; Your Family and the Internet: What Every Christian in the Digital Age Ought to Know (Lifestyles) (Lifestyles (Day One))', '', 'Day One Publications', '6/15/2012', 128, '2018-05-27 21:23:40'),
(222, '9781932474329\r', 'Pastor\'s Daughter; The', '', 'Solid Ground Christian Books', '', 236, '2018-05-27 21:23:40'),
(223, '9780891094982\r', 'Practice of Godliness:  A Study Guide Based on the Book; The', '', 'Navpress', '', 70, '2018-05-27 21:23:40'),
(224, '9780891099413\r', 'Practice of Godliness: Godliness has value for all things; The', '', 'NavPress', '2/1/1996', 240, '2018-05-27 21:23:40'),
(225, '9780801056499\r', 'Faith Tried and Triumphant', '', 'Baker Books', '4/1/1988', 224, '2018-05-27 21:23:40'),
(226, '9780684831176\r', 'Screwtape Letters: Includes Screwtape Proposes a Toast; The', '', 'Scribner', '6/3/1996', 128, '2018-05-27 21:23:40'),
(227, '9781932474862\r', 'Chief End of Man; The', '', 'Solid Ground Christian Books', '6/14/2005', 112, '2018-05-27 21:23:41'),
(228, '9780852345467\r', 'In Trouble and in Joy: Four Women Who Lived for God (Biography)', '', 'Evangelical Press', '9/1/2003', 288, '2018-05-27 21:23:41'),
(229, '9780851515199\r', 'Sermon on the Mount', '', 'Banner of Truth', '2/1/1988', 184, '2018-05-27 21:23:41'),
(230, '9781433519833\r', 'Grace of Repentance (Redesign) (Today\'s Issues); The', '', 'Crossway', '4/7/2011', 64, '2018-05-27 21:23:41'),
(231, '9780852347775\r', 'Faithful Church Member; A', '', 'EP BOOKS', '1/11/2011', 48, '2018-05-27 21:23:41'),
(232, '9781781912300\r', 'Tough Questions About the Bible', '', 'CF4Kids', '11/20/2013', 128, '2018-05-27 21:23:41'),
(233, '9781567692952\r', 'Can I Have Joy in My Life? (Crucial Questions (Reformation Trust))', '', 'Reformation Trust Publishing', '11/15/2012', 51, '2018-05-27 21:23:41'),
(234, '9781567691030\r', 'Five Things Every Christian Needs to Grow; Revised & Expanded', '', 'Reformation Trust Publishing', '8/25/2008', 135, '2018-05-27 21:23:41'),
(235, '9781601780812\r', 'Happiness of Heaven; The', '', 'Reformation Heritage Books', '4/1/2009', 129, '2018-05-27 21:23:41'),
(236, '9780851513348\r', 'Discovering God\'s Will', '', 'Banner of Truth', '2/1/1982', 126, '2018-05-27 21:23:41'),
(237, '9780851515878\r', 'Praises for the King of Kings', '', 'Banner of Truth', '4/1/1991', 120, '2018-05-27 21:23:41'),
(238, '9780851513867\r', 'Authority', '', 'Banner of Truth', '2/1/1984', 96, '2018-05-27 21:23:41'),
(239, '9781879737426\r', 'Believers Need the Gospel: Reaffirming the Gospel Message for Today\'s Christians', '', 'Calvary Press', '8/22/2007', 129, '2018-05-27 21:23:41'),
(240, '9780875521640\r', 'Words to Winners of Souls', '', 'P & R Publishing', '1/1/1995', 59, '2018-05-27 21:23:41'),
(241, '9780310511915\r', 'Handbook of Church Discipline: A Right and Privilege of Every Church Member (Jay Adams Library)', '', 'Zondervan', '11/30/1986', 128, '2018-05-27 21:23:41'),
(242, '9781596381957\r', 'Why Johnny Can\'t Sing Hymns: How Pop Culture Rewrote the Hymnal', '', 'P & R Publishing', '6/1/2010', 192, '2018-05-27 21:23:41'),
(243, '9781596381162\r', 'Why Johnny Can\'t Preach: The Media Have Shaped the Messengers', '', 'P & R Publishing', '2/27/2009', 112, '2018-05-27 21:23:41'),
(244, '9781848710443\r', 'My God Is True! Lessons Learned Along Cancer\'s Dark Road', '', 'Banner of Truth', '8/1/2009', 168, '2018-05-27 21:23:41'),
(245, '9781932474695\r', 'Word and Prayer: Classic Devotions from the Minor Prophets; The', '', 'Solid Ground Christian Books', '1/13/2005', 124, '2018-05-27 21:23:41'),
(246, '9781599251257\r', 'Mission of Sorrow: God\'s Gracious Purposes in our Afflictions; The', '', 'Solid Ground Christian Books', '11/6/2007', 96, '2018-05-27 21:23:41'),
(247, '9780971016927\r', 'Legacy of a Legend: Spiritual Treasure from the Heart of Edward Payson', '', 'Solid Ground Christian Books', '', 163, '2018-05-27 21:23:41'),
(248, '9781932474299\r', '\"YOUNG LADY\"\"S GUIDE to the Harmonious Development of Christian Character\"', '', 'Solid Ground Christian Books', '', 0, '2018-05-27 21:23:41'),
(249, '9780875521831\r', 'Whatever Happened to the Reformation?', '', 'P & R Publishing', '4/1/2001', 339, '2018-05-27 21:23:41'),
(250, '9781596384149\r', 'Why Do We Pray? (Basics of the Faith)', '', 'P & R Publishing', '6/18/2012', 32, '2018-05-27 21:23:41'),
(251, '9780801013188\r', 'Christless Christianity: The Alternative Gospel of the American Church', '', 'Baker Books', '11/1/2008', 272, '2018-05-27 21:23:41'),
(252, '9781601780799\r', 'Contagious Christian Living: With Study Guide', '', 'Evangelical Press', '6/1/2010', 136, '2018-05-27 21:23:41'),
(253, '9780842343787\r', 'Mystery of the Holy Spirit; The', '', 'Tyndale House Publishers; Inc.', '9/21/1994', 191, '2018-05-27 21:23:41'),
(254, '9780916441241\r', 'Pilgrim\'s Progress; The', '', 'Barbour Publishing; Incorporated', '10/1/1998', 384, '2018-05-27 21:23:41'),
(255, '9781599252896\r', 'Glorious History of Redemption: A Compact Summary of the Old and New Testaments; The', '', 'Solid Ground Christian Books', '5/30/2013', 132, '2018-05-27 21:23:41'),
(256, '9781848711433\r', 'Setting Our Sights on Heaven: Why It\'s Hard and Why It\'s Worth It', '', 'Banner of Truth', '10/1/2011', 216, '2018-05-27 21:23:41'),
(257, '9781596381605\r', 'Christ of the Empty Tomb; The', '', 'P & R Publishing', '2/10/2010', 208, '2018-05-27 21:23:41'),
(258, '9781601781857\r', 'Anne Steele and Her Spiritual Vision', '', 'Reformation Heritage Books', '8/31/2012', 144, '2018-05-27 21:23:41'),
(259, '9780851518473\r', 'Fraser Tallach: Not a Private Matter', '', 'Banner of Truth', '11/30/2003', 160, '2018-05-27 21:23:41'),
(260, '9781433514043\r', 'Living in God\'s Two Kingdoms: A Biblical Vision for Christianity and Culture', '', 'Crossway', '10/6/2010', 208, '2018-05-27 21:23:41'),
(261, '9780966378603\r', 'Shepherding a Child\'s Heart', '', 'Shepherd Press', '', 215, '2018-05-27 21:23:41'),
(262, '9781848711495\r', 'Prayer: A Biblical Perspective', '', 'Banner of Truth', '3/1/2012', 106, '2018-05-27 21:23:41'),
(263, '9781934952092\r', 'Expository Listening: A Practical Handbook for Hearing and Doing Gods Word', '', 'Kress Biblical Resources', '3/1/2010', 144, '2018-05-27 21:23:41'),
(264, '9780802846723\r', 'Losing Our Virtue: Why the Church Must Recover Its Moral Vision', '', 'William B. Eerdmans Publishing Company', '2/1/1999', 240, '2018-05-27 21:23:41'),
(265, '9781932474756\r', 'Still Hour; The', '', 'Solid Ground Christian Books', '5/5/2005', 144, '2018-05-27 21:23:41'),
(266, '9781596380523\r', 'When You Pray: Making the Lord\'s Prayer Your Own', '', 'P & R Publishing', '10/1/2006', 206, '2018-05-27 21:23:41'),
(267, '9780952791331\r', 'Baptism and Church Membership', '', 'Reformation Today Trust', '9/1/2006', 27, '2018-05-27 21:23:41'),
(268, '9780982615577\r', 'Preparing for Eternity', '', 'The Northampton Press', '', 0, '2018-05-27 21:23:41'),
(269, '9781567696844\r', 'Masculine Mandate; The', '', 'Ligonier Ministries', '5/31/2016', 0, '2018-05-27 21:23:41'),
(270, '9781596381278\r', 'Saved by Grace: The Glory of Salvation in Ephesians 2', '', 'P & R Publishing', '3/6/2009', 240, '2018-05-27 21:23:41'),
(271, '9781601780003\r', 'Meet the Puritans: With a Guide to Modern Reprints', '', 'Reformation Heritage Books', '2/1/2007', 896, '2018-05-27 21:23:41'),
(272, '9781567691115\r', 'Christian Lover: The Sweetness of Love and Marriage in the Letters of Believers; The', '', 'Reformation Trust Publishing', '1/31/2009', 0, '2018-05-27 21:23:41'),
(273, '9780851519463\r', 'Her Husband\'s Crown', '', 'Banner of Truth', '6/1/2007', 42, '2018-05-27 21:23:41'),
(274, '9780851516882\r', 'Whom Shall I Marry?', '', 'Banner of Truth', '12/1/1996', 30, '2018-05-27 21:23:41'),
(275, '9781781912034\r', 'Neglected Grace; A: Family Worship in the Christian Home', '', 'Christian Focus', '7/9/2013', 128, '2018-05-27 21:23:41'),
(276, '9781596380592\r', 'Educated Choice: Advice for Parents of College-Bound Students; An', '', 'P & R Publishing', '11/1/2006', 139, '2018-05-27 21:23:41'),
(277, '9780875523859\r', 'Strengthening Your Marriage', '', 'P & R Publishing', '6/1/1999', 203, '2018-05-27 21:23:41'),
(278, '9780875525204\r', 'Holding Hands; Holding Hearts: Recovering a Biblical View of Christian Dating', '', 'P & R Publishing', '1/1/2006', 184, '2018-05-27 21:23:41'),
(279, '9781601780607\r', 'Duties of Parents (Classics of Reformed Spirituality); The', '', 'Reformation Heritage Books', '5/1/2012', 173, '2018-05-27 21:23:41'),
(280, '9781599251295\r', 'FAMILY WORSHIP FOR THE CHRISTMAS SEASON', '', 'Solid Ground Christian Books', '9/27/2007', 120, '2018-05-27 21:23:41'),
(281, '9781932474312\r', 'Old Paths for Little Feet', '', 'Solid Ground Christian Books', '', 116, '2018-05-27 21:23:41'),
(282, '9781930133105\r', 'Your Child\'s Profession of Faith', '', 'Grace and Truth Books', '9/14/2010', 120, '2018-05-27 21:23:41'),
(283, '9781583391709\r', 'Duties of Parents; The', '', 'Triangle Press', '', 38, '2018-05-27 21:23:41'),
(284, '9781599251899\r', 'Family Worship for the Reformation Season', '', 'Solid Ground Christian Books', '8/11/2008', 128, '2018-05-27 21:23:41'),
(285, '9781601782489\r', 'Building a Godly Home; Volume 2: A Holy Vision for a Happy Marriage', '', 'Reformation Heritage Books', '10/22/2013', 288, '2018-05-27 21:23:41'),
(286, '9781601782267\r', 'Building a Godly Home; Volume 1: A Holy Vision for Family Life', '', 'Reformation Heritage Books', '2/20/2013', 200, '2018-05-27 21:23:41'),
(287, '9781573580816\r', 'Thoughts on Family Worship (Family Titles)', '', 'Soli Deo Gloria Ministries', '11/9/2012', 160, '2018-05-27 21:23:41'),
(288, '9780875527468\r', 'Overcoming the World: Grace to Win the Daily Battle', '', 'P & R Publishing', '3/4/2005', 201, '2018-05-27 21:23:41'),
(289, '9781857924015\r', 'Family Worship Book: A Resource Book for Family Devotions; The', '', 'Christian Focus', '3/1/2003', 208, '2018-05-27 21:23:41'),
(290, '9780801065286\r', 'Golden Booklet of the True Christian Life', '', 'Baker Books', '12/1/2004', 96, '2018-05-27 21:23:41'),
(291, '9781581342093\r', 'My Soul Magnifies the Lord: Meditations on the Meaning of Christmas', '', 'Crossway Books', '9/26/2000', 112, '2018-05-27 21:23:41'),
(292, '9781903087565\r', 'Lord\'s Prayer for Today; The', '', 'Day One Publications', '6/23/2005', 150, '2018-05-27 21:23:42'),
(293, '9780982615546\r', 'Precious Things of God; The', '', 'Northampton Press; The', '', 272, '2018-05-27 21:23:42'),
(294, '9781601782908\r', 'Life in Jesus: A Memoir of Mary Winslow', '', 'Reformation Heritage Books', '10/21/2013', 576, '2018-05-27 21:23:42'),
(295, '9780736947596\r', 'Mom After God\'s Own Heart Devotional; A', '', 'Harvest House Publishers', '2/1/2012', 288, '2018-05-27 21:23:42'),
(296, '9781857925869\r', 'Line Upon Line', '', 'Christian Heritage', '1/1/2000', 192, '2018-05-27 21:23:42'),
(297, '9781599253183\r', 'Life in the Psalms', '', 'Solid Ground Christian Books', '12/1/2011', 124, '2018-05-27 21:23:42'),
(298, '9781599251264\r', 'Light at Evening Time: A Book of Support and Strength for the Aged', '', 'Solid Ground Christian Books', '12/10/2007', 364, '2018-05-27 21:23:42'),
(299, '9781599251097\r', 'Small Talks on Big Questions', '', 'Solid Ground Christian Books', '2/1/2007', 304, '2018-05-27 21:23:42'),
(300, '9780851516073\r', 'Communion With God (Puritan Paperbacks: Treasures of John Owen for Today\'s Readers)', '', 'Banner of Truth', '11/1/1991', 209, '2018-05-27 21:23:42'),
(301, '9780851514789\r', 'All Things for Good (Puritan Paperbacks)', '', 'Banner of Truth', '6/1/1986', 128, '2018-05-27 21:23:42'),
(302, '9781848710757\r', 'Indwelling Sin In Believers (Puritan Paperbacks)', '', 'Banner of Truth', '3/1/2010', 174, '2018-05-27 21:23:42'),
(303, '9780851515212\r', 'Doctrine of Repentance (Puritan Paperbacks)', '', 'Banner of Truth', '1/1/1988', 128, '2018-05-27 21:23:42'),
(304, '9781848710696\r', 'Facing Grief: Counsel For Mourners (Puritan Paperbacks)', '', 'Banner of Truth', '2/1/2010', 136, '2018-05-27 21:23:42'),
(305, '9781601781321\r', 'Triumphing Over Sinful Fear (Puritan Treasures for Today)', '', 'Reformation Heritage Books', '6/6/2011', 144, '2018-05-27 21:23:42'),
(306, '9781601780720\r', 'Fading of the Flesh and the Flourishing of Faith (Puritan Treasures for Today); The', '', 'Reformation Heritage Books', '11/30/2009', 170, '2018-05-27 21:23:42'),
(307, '9781601781185\r', 'Stop Loving the World (Purtian Treasures for Today)', '', 'Reformation Heritage Books', '3/7/2011', 73, '2018-05-27 21:23:42'),
(308, '9780851518220\r', 'Spirit and the Church (Puritan Paperbacks); The', '', 'Banner of Truth', '7/30/2002', 208, '2018-05-27 21:23:42'),
(309, '9780851510910\r', 'Rare Jewel of Christian Contentment; The', '', 'The Banner of Truth Trust', '12/1/1964', 228, '2018-05-27 21:23:42'),
(310, '9780851513546\r', 'Christian\'s Great Interest (Puritan Paperbacks)', '', 'Banner of Truth', '6/1/1969', 208, '2018-05-27 21:23:42'),
(311, '9780851518671\r', 'Mortification of Sin (Puritan Paperbacks); The', '', 'Banner of Truth', '5/1/2004', 144, '2018-05-27 21:23:42'),
(312, '9780851516615\r', 'Glory of Christ (Puritan Paperbacks: Treasures of John Owen for Today\'s Readers); The', '', 'Banner of Truth', '6/1/1994', 184, '2018-05-27 21:23:42'),
(313, '9780851517407\r', 'Bruised Reed (Puritan Paperbacks)', '', 'Banner of Truth', '3/1/1998', 138, '2018-05-27 21:23:42'),
(314, '9781599250526\r', 'Scriptural Exposition of the Baptist Catechism; A', '', 'Solid Ground Christian Books', '1/23/2006', 236, '2018-05-27 21:23:42'),
(315, '9781567692020\r', 'By Grace Alone: How the Grace of God Amazes Me', '', 'Reformation Trust Publishing', '2/26/2010', 123, '2018-05-27 21:23:42'),
(316, '9780967760391\r', 'Thoughts for Young Men', '', 'Charles Nolan Publishing', '', 68, '2018-05-27 21:23:42'),
(317, '9780851516714\r', 'Holiness: God\'s Call to Santification', '', 'Banner of Truth', '1/1/1994', 25, '2018-05-27 21:23:42'),
(318, '9780851517438\r', 'Practical Religion', '', 'Banner of Truth', '12/1/1998', 495, '2018-05-27 21:23:42'),
(319, '9780851515021\r', 'Heart for God', '', 'Banner of Truth', '2/1/1987', 144, '2018-05-27 21:23:42'),
(320, '9781567693331\r', 'Sola Scriptura: The Protestant Position on the Bible', '', 'Reformation Trust Publishing', '6/17/2013', 144, '2018-05-27 21:23:42'),
(321, '9781879737501\r', 'End Times Made Simple: How Could Everybody Be So Wrong about Biblical Prophecy; The', '', 'Calvary Press', '8/22/2007', 250, '2018-05-27 21:23:42'),
(322, '9781599250137\r', 'REDEEMERS TEARS; THE', '', 'Solid Ground Christian Books', '8/19/2005', 116, '2018-05-27 21:23:42'),
(323, '9781599252063\r', 'What Is the Kingdom of God? a Gracious Examination of Dispensational Premillenialism', '', 'Solid Ground Christian Books', '5/18/2009', 124, '2018-05-27 21:23:42'),
(324, '9781848710689\r', 'Pastoral Ministry (Pocket Puritan Series)', '', 'Banner of Truth', '2/1/2010', 128, '2018-05-27 21:23:42'),
(325, '9781848710283\r', 'United We Stand (Pocket Puritan)', '', 'Banner of Truth', '1/1/2009', 64, '2018-05-27 21:23:42'),
(326, '9781848710429\r', 'When Christians Suffer (Pocket Puritan)', '', 'Banner of Truth', '10/1/2009', 128, '2018-05-27 21:23:42'),
(327, '9781848711051\r', 'Tender Heart (Pocket Puritan Series); The', '', 'Banner of Truth', '4/1/2011', 72, '2018-05-27 21:23:42'),
(328, '9781848710573\r', 'Christ is Best (Pocket Puritans)', '', 'Banner of Truth', '6/1/2012', 80, '2018-05-27 21:23:42'),
(329, '9781848710191\r', 'Repent and Believe (Pocket Puritan Series)', '', 'Banner of Truth', '9/30/2008', 96, '2018-05-27 21:23:42'),
(330, '9781848710153\r', 'Binge Drinking (Pocket Puritans)', '', 'Banner of Truth', '9/30/2008', 80, '2018-05-27 21:23:42'),
(331, '9781848710177\r', 'Sinful Speech (Pocket Puritans Series)', '', 'Banner of Truth Trust', '', 91, '2018-05-27 21:23:42'),
(332, '9780851519807\r', 'Living Faith (Pocket Puritans)', '', 'Banner of Truth', '5/31/2008', 96, '2018-05-27 21:23:42'),
(333, '9780851519784\r', 'Heaven: a World of Love (Pocket Puritans) (Pocket Puritan Series)', '', 'Banner of Truth', '5/31/2008', 117, '2018-05-27 21:23:42'),
(334, '9781601781000\r', 'Christians Get Depressed Too', '', 'Reformation Heritage Books', '10/13/2010', 128, '2018-05-27 21:23:42'),
(335, '9781848710368\r', 'Spiritual-Mindedness (Puritan Paperbacks)', '', 'Banner of Truth', '4/1/2009', 258, '2018-05-27 21:23:42'),
(336, '9780977668014\r', 'How to Survive Your Pastor\'s Sermons', '', 'Tulip Books', '1/1/2006', 0, '2018-05-27 21:23:42'),
(337, '9781781915509\r', 'John Calvin: After Darkness Light (Trailblazers)', '', 'CF4Kids', '12/20/2014', 160, '2018-05-27 21:23:42'),
(338, '9781601780430\r', 'Family at Church: Listening to Sermons and Attending Prayer Meetings (Family Guidance); The', '', 'Reformation Heritage Books', '8/20/2008', 80, '2018-05-27 21:23:42'),
(339, '9781601780584\r', 'Family Worship; 2nd Edition (Family Guidance)', '', 'Reformation Heritage Books', '4/1/2009', 66, '2018-05-27 21:23:42'),
(340, '9781848710870\r', 'Way to Pray; A', '', 'Banner of Truth', '10/1/2010', 440, '2018-05-27 21:23:42'),
(341, '9780801020780\r', 'New Testament Commentary: Exposition of Galatians; Ephesians; Philippians; Colossians; and Philemon', '', 'Baker Academic', '1/1/1996', 1010, '2018-05-27 21:23:42'),
(342, '9780801021053\r', '2 Corinthians (New Testament Commentary)', '', 'Baker Academic', '8/1/1997', 512, '2018-05-27 21:23:42'),
(343, '9780801052606\r', '1 Corinthians (New Testament Commentary)', '', 'Baker Academic', '', 664, '2018-05-27 21:23:42'),
(344, '9780801041914\r', 'New Testament Commentary: Exposition of the Gospel of Luke', '', 'Baker Pub Group', '', 1122, '2018-05-27 21:23:42'),
(345, '9780801041143\r', 'Mark (New Testament Commentary)', '', 'Baker Academic', '8/1/1983', 712, '2018-05-27 21:23:42'),
(346, '9780801040665\r', 'Exposition of the Gospel According to Matthew (New Testament Commentary)', '', 'Baker Academic', '10/1/1982', 0, '2018-05-27 21:23:42'),
(347, '9780801040511\r', 'Gospel of John; The', '', 'Baker Books', '3/1/1961', 776, '2018-05-27 21:23:42'),
(348, '9780801052903\r', 'Acts (New Testament Commentary)', '', 'Baker Academic', '', 10, '2018-05-27 21:23:42'),
(349, '9780801042652\r', 'New Testament Commentary: Romans: Chapters 1-16', '', 'Baker Book House', '', 533, '2018-05-27 21:23:42'),
(350, '9780801022524\r', 'Revelation (New Testament Commentary)', '', 'Baker Academic', '6/1/2001', 656, '2018-05-27 21:23:42'),
(351, '9780801020797\r', 'New Testament Commentary:Exposition of Thessalonians; the Pastorals; and Hebrews', '', 'Baker Books', '', 464, '2018-05-27 21:23:42'),
(352, '9780801020803\r', 'New Testament Commentary -  James; Epistles of John; Peter; and Jude', '', 'Baker Books', '', 896, '2018-05-27 21:23:42'),
(353, '9780940931695\r', 'Not What My Hands Have Done', '', 'Trinity Foundation', '1/1/2005', 138, '2018-05-27 21:23:42'),
(354, '9780851513379\r', 'Collected Writings of John Murray: Life of John Murray Sermons and Reviews (Collected Writings of John Murray)', '', 'Banner of Truth', '10/1/1982', 390, '2018-05-27 21:23:42'),
(355, '9780851512426\r', 'Collected Writings of John Murray: Lectures in Systematic Theology', '', 'Banner of Truth', '10/1/1991', 428, '2018-05-27 21:23:42'),
(356, '9780851512419\r', 'Collected Writings of John Murray: Claims of Truth (His Collected Writings of John Murray; V. 1) (His Collected Writings of John Murray; V. 1)', '', 'Banner of Truth', '11/1/1976', 374, '2018-05-27 21:23:43'),
(357, '9781599251226\r', 'Calvin Memorial Addresses', '', 'Solid Ground Christian Books', '7/1/2007', 300, '2018-05-27 21:23:43'),
(358, '9781936760350\r', 'Getting Back in the Race: The Cure for Backsliding', '', 'Cruciform Press', '10/26/2011', 112, '2018-05-27 21:23:43'),
(359, '9780764209765\r', 'What Every Christian Needs to Know About the Qur\'an', '', 'Bethany House Publishers', '5/1/2013', 320, '2018-05-27 21:23:43'),
(360, '9780852342909\r', 'God Delivers: Isaiah Simply Explained (Welwyn Commentary Series)', '', 'Evangelical Press', '1/1/1993', 415, '2018-05-27 21:23:43'),
(361, '9780936083070\r', 'New Testament Deacon: The Church\'s Minister of Mercy; The', '', 'Lewis & Roth Publishers', '10/1/1992', 191, '2018-05-27 21:23:43'),
(362, '9780974159201\r', 'Standards for the Singing Church', '', 'Essence Publishing', '5/1/2004', 80, '2018-05-27 21:23:43'),
(363, '9781596381780\r', 'Atonement', '', 'P & R Publishing', '2/3/2010', 160, '2018-05-27 21:23:43'),
(364, '9780801011719\r', 'Last Days According to Jesus; The', '', 'Baker Pub Group', '', 253, '2018-05-27 21:23:43'),
(365, '9780801021695\r', 'Journey from Texts to Translations: The Origin and Development of the Bible; The', '', 'Baker Academic', '', 464, '2018-05-27 21:23:43'),
(366, '9780140205039\r', 'Western Society and the Church in the Middle Ages (Hist of the Church)', '', 'Penguin Books', '2/28/1970', 384, '2018-05-27 21:23:43'),
(367, '9780140205060\r', 'Church in an Age of Revolution; The', '', 'VIKING PR', '1/1/1988', 304, '2018-05-27 21:23:43'),
(368, '9780140205022\r', 'Early Church [Penguin History of the Christian Church; Vol. 1]; The', '', 'Penguin', '', 0, '2018-05-27 21:23:43');
INSERT INTO `resource` (`id`, `resource_id`, `title`, `description`, `publisher`, `publish_date`, `page_count`, `timestamp`) VALUES
(369, '9781932474633\r', 'Calvinism in History', '', 'Solid Ground Christian Books', '11/5/2004', 124, '2018-05-27 21:23:43'),
(370, '9781848715271\r', 'Why Read Church History?', '', 'Banner of Truth', '9/10/2015', 24, '2018-05-27 21:23:43'),
(371, '9780952791300\r', 'Kiffin Knollys & Keach: Rediscovering English Baptist Heritage', '', 'Evangelical Press', '', 128, '2018-05-27 21:23:43'),
(372, '9781879737464\r', 'Denominations or Associations?', '', 'Calvary Press Publishing', '1/1/2001', 0, '2018-05-27 21:23:43'),
(373, '9780140137613\r', 'Church and the Age of Reason; 1648-1789 (Hist of the Church); The', '', 'Penguin Books', '12/7/1990', 304, '2018-05-27 21:23:43'),
(374, '9780852345870\r', 'Cults and Sects', '', 'Evangelical Press', '7/1/2005', 288, '2018-05-27 21:23:43'),
(375, '9780976003908\r', 'Reformed Baptist Manifesto; A', '', 'Reformed Baptist Academic Press', '10/4/2004', 124, '2018-05-27 21:23:43'),
(376, '9781599252636\r', 'Behind the Bible: A Primer on Textual Criticism', '', 'Solid Ground Christian Books', '1/1/2012', 111, '2018-05-27 21:23:43'),
(377, '9781596382367\r', 'Hudson Taylor: Gospel Pioneer to China', '', 'P & R Publishing', '4/30/2011', 208, '2018-05-27 21:23:43'),
(378, '9781599252247\r', 'Family Worship for the Thanksgiving Season', '', 'Solid Ground Christian Books', '9/2/2009', 134, '2018-05-27 21:23:43'),
(379, '9780851513966\r', 'Collected Writings of John Murray: 4 vol. set', '', 'Banner of Truth', '10/1/1982', 1620, '2018-05-27 21:23:43'),
(380, '9781463527525\r', 'God\'s Will; Man\'s Will; and Free Will', '', 'CreateSpace Independent Publishing Platform', '5/24/2011', 102, '2018-05-27 21:23:43'),
(381, '9780802811448\r', 'Principles of Conduct: Aspects of Biblical Ethics', '', 'Wm. B. Eerdmans Publishing Company', '7/17/1957', 272, '2018-05-27 21:23:43'),
(382, '9781534665026\r', 'Holiness: Its Nature; Hindrances; Difficulties and Root.', '', 'CreateSpace Independent Publishing Platform', '6/12/2016', 288, '2018-05-27 21:23:43'),
(383, '9780851515151\r', 'Christian in Complete Armour; Vol. 2; The', '', 'Banner of Truth', '6/1/1988', 396, '2018-05-27 21:23:43'),
(384, '9780851512792\r', 'Work of the Holy Spirit', '', 'Banner of Truth', '', 522, '2018-05-27 21:23:43'),
(385, '9780851513089\r', 'Works of Thomas Brooks- volume 6; The', '', 'Banner of Truth', '2/1/1980', 512, '2018-05-27 21:23:43'),
(386, '9780801082320\r', 'Creeds of Christendom (Volume I The History of Creeds)', '', 'Baker', '', 0, '2018-05-27 21:23:43'),
(387, '9780921148432\r', 'Spurgeon\'s Sovereign Grace Sermons : Calvin Classics Vol. 3', '', 'Still Waters Revival Books', '', 188, '2018-05-27 21:23:43'),
(388, '\r', 'Creeds of Christendom Volume 2 The Greek and Latin Creeds', '', 'Baker', '', 0, '2018-05-27 21:23:43'),
(389, '\r', 'Creeds of Christendom Volume 3 The Evangelical Protestant Creeds; The', '', 'Baker', '', 0, '2018-05-27 21:23:43'),
(390, '9780906731567\r', 'Young Christian; The', '', 'Christian Heritage', '12/31/1989', 160, '2018-05-27 21:23:43'),
(391, '9781877607127\r', 'Redemption: The triumph of God\'s great plan', '', 'Redeemer Books', '1/1/1989', 0, '2018-05-27 21:23:43'),
(392, '9781892777188\r', 'Gisbertus Voetius: Toward a reformed marriage of knowledge and piety (Guidance from Church History)', '', 'Reformation Heritage Books', '6/5/2001', 36, '2018-05-27 21:23:43'),
(393, '9781889058122\r', 'Happy Mourner - Consolations of God & Sympathy for the Bereaved; The', '', 'Reformation Heritage Books', '3/20/2000', 220, '2018-05-27 21:23:43'),
(394, '9781573581370\r', 'Crook in the Lot: Or the Sovereignty and Wisdom of God Displayed in the Afflictions of Men (Puritan Writings); The', '', 'Soli Deo Gloria Ministries', '', 195, '2018-05-27 21:23:43'),
(395, '9780877843719\r', 'Know Your Christian Life', '', 'InterVarsity Press', '12/1/1981', 179, '2018-05-27 21:23:43'),
(396, '9781879737136\r', 'From Religion to Christ', '', 'Calvary Press', '5/1/1994', 92, '2018-05-27 21:23:43'),
(397, '9780851510323\r', 'Profiting from the Word', '', 'Banner of Truth', '8/1/1981', 124, '2018-05-27 21:23:43'),
(398, '9780851514291\r', '\"\"\"I Wills\"\" of Christ\"', '', 'Banner of Truth', '12/1/1984', 398, '2018-05-27 21:23:43'),
(399, '9780852340011\r', 'Members One of Another: A Study in the Principles of Local Church Membership', '', 'Evangelical Press', '1/1/1968', 94, '2018-05-27 21:23:43'),
(400, '9780802811165\r', 'Weight of Glory and Other Addresses; The', '', 'Wm. B. Eerdmans Publishing Co.', '', 0, '2018-05-27 21:23:43'),
(401, '9781566321013\r', 'Melt the Icebergs!', '', 'Revival Literature', '', 218, '2018-05-27 21:23:43'),
(402, '9780851511160\r', 'Farewell', '', 'Banner of Truth Trust; London', '1/1/1962', 128, '2018-05-27 21:23:43'),
(403, '\r', 'Gems', '', 'Pietan Publications', '', 0, '2018-05-27 21:23:43'),
(404, '\r', 'Holiness Part 1', '', 'Chapel Library', '', 0, '2018-05-27 21:23:43'),
(405, '\r', 'Holiness Part 2', '', 'Chapel Library', '', 0, '2018-05-27 21:23:43'),
(406, '9781846251276\r', 'Chains of Grace: Peter Jeffery\'s Story (Life Stories (Day One Publications))', '', 'DayOne Publications', '10/1/2008', 128, '2018-05-27 21:23:43'),
(407, '9780830746941\r', 'Life of A.W. Tozer: In Pursuit of God; The', '', 'Regal', '2/16/2009', 256, '2018-05-27 21:23:43'),
(408, '9780851519753\r', 'Lloyd-Jones: Messenger of Grace', '', 'Banner of Truth', '5/31/2008', 274, '2018-05-27 21:23:43'),
(409, '9780851513539\r', 'David Martyn Lloyd-Jones the First Forty Years 1899-1939 (v. 1)', '', 'Banner of Truth', '12/1/1982', 394, '2018-05-27 21:23:43'),
(410, '9780851517322\r', 'William Grimshaw of Haworth', '', 'Banner of Truth', '12/1/1997', 368, '2018-05-27 21:23:43'),
(411, '9780851516868\r', 'Scots Worthies; The', '', 'The Banner of Truth Trust', '12/1/1996', 672, '2018-05-27 21:23:43'),
(412, '9781567696387\r', 'Passionate Preaching of Martyn Lloyd-Jones (A Long Line of Godly Men Profile); The', '', 'Reformation Trust Publishing', '2/15/2016', 0, '2018-05-27 21:23:43'),
(413, '9781596380295\r', 'Assured by God: Living in the Fullness of God\'s Grace', '', 'P & R Publishing', '9/1/2006', 200, '2018-05-27 21:23:43'),
(414, '9781567693638\r', 'Evangelistic Zeal of George Whitefield; The', '', 'Reformation Trust Publishing', '2/15/2014', 150, '2018-05-27 21:23:43'),
(415, '9780801064685\r', 'Better Way: Rediscovering the Drama of God-Centered Worship; A', '', 'Baker Books', '5/1/2003', 256, '2018-05-27 21:23:43'),
(416, '9781596384026\r', 'Gospel Treason: Betraying the Gospel With Hidden Idols', '', 'P & R Publishing', '6/22/2012', 248, '2018-05-27 21:23:43'),
(417, '9780801064005\r', 'Putting Amazing Back into Grace: Embracing the Heart of the Gospel', '', 'Baker Books', '5/1/2002', 288, '2018-05-27 21:23:43'),
(418, '9780802813879\r', 'Spiritual Depression: Its Causes and Cure', '', 'Eerdmans Pub Co', '', 300, '2018-05-27 21:23:43'),
(419, '9780891097594\r', 'Spiritual Disciplines for the Christian Life Study Guide (Life and Ministry of Jesus Christ)', '', 'NavPress', '1/15/1994', 96, '2018-05-27 21:23:43'),
(420, '9781576830277\r', 'Spiritual Disciplines for the Christian Life (Pilgrimage Growth Guide)', '', 'NavPress', '6/1/1997', 272, '2018-05-27 21:23:43'),
(421, '9780852345122\r', 'Pastor in New York: The Life and Times of Spencer Houghton Cone; A', '', 'EP BOOKS', '9/1/2003', 224, '2018-05-27 21:23:43'),
(422, '9780801030185\r', 'Susanna Wesley', '', 'Baker Books', '2/1/1993', 176, '2018-05-27 21:23:43'),
(423, '9780852347492\r', 'Out of the Shadows', '', 'Evangelical Press', '6/13/2011', 155, '2018-05-27 21:23:43'),
(424, '9780852344071\r', 'Seeing the Invisible: Ordinary People of Extraordinary Faith', '', 'Evangelical Press', '10/1/1998', 159, '2018-05-27 21:23:43'),
(425, '9780852345214\r', 'Lives Turned Upside Down: Ordinary People of Extraordinary Faith (Champions of the faith)', '', 'GRACE DISTRIBUTION', '10/1/2002', 154, '2018-05-27 21:23:43'),
(426, '9781783971114\r', 'William Perkins', '', 'Evangelical Press', '4/27/2015', 120, '2018-05-27 21:23:44'),
(427, '9780852349304\r', 'Hugh Latimer: The Foremost Preacher of the English Reformation (Bitesize Biographies)', '', 'Evangelical Press', '11/4/2013', 128, '2018-05-27 21:23:44'),
(428, '9780852347737\r', 'Thomas Cranmer', '', 'Evangelical Press', '1/1/2012', 126, '2018-05-27 21:23:44'),
(429, '9780852349571\r', 'Adolphe Monod', '', 'Evangelical Press', '11/1/2013', 176, '2018-05-27 21:23:44'),
(430, '9780852349090\r', 'Renee of France (Bitesize Biographies)', '', 'Evangelical Press', '2/3/2013', 128, '2018-05-27 21:23:44'),
(431, '9780852347720\r', 'John Chrysostom (Bitesize Biographies)', '', 'Evangelical Press', '1/1/2012', 127, '2018-05-27 21:23:44'),
(432, '9780664234089\r', 'John Calvin; Reformer for the 21st Century', '', 'Westminster John Knox Press', '5/14/2009', 154, '2018-05-27 21:23:44'),
(433, '9781599251554\r', 'Humanness of John Calvin; The', '', 'Solid Ground Christian Books', '4/1/2008', 100, '2018-05-27 21:23:44'),
(434, '9781567694352\r', 'Daring Mission of William Tyndale; The', '', 'Reformation Trust Publishing', '1/31/2015', 184, '2018-05-27 21:23:44'),
(435, '9781567692556\r', 'Mighty Weakness of John Knox; The', '', 'Reformation Trust Publishing', '6/22/2011', 175, '2018-05-27 21:23:44'),
(436, '9781567691085\r', 'Unwavering Resolve of Jonathan Edwards (Long Line of Godly Men Profile); The', '', 'Reformation Trust Publishing', '12/10/2008', 168, '2018-05-27 21:23:44'),
(437, '9780852345740\r', 'Guide: Truth Under Attack: Volume 1: Deviations from Bibical Christianity (Topical); The', '', 'Evangelical Press', '11/1/2004', 400, '2018-05-27 21:23:44'),
(438, '9781879737433\r', 'Potter\'s Freedom: A Defense of the Reformation and the Rebuttal of Norman Geisler\'s Chosen But Free; The', '', 'Calvary Press', '5/15/2000', 338, '2018-05-27 21:23:44'),
(439, '9781556615757\r', 'King James Only Controversy: Can You Trust the Modern Translations?; The', '', 'Bethany House', '4/1/1995', 304, '2018-05-27 21:23:44'),
(440, '9780310248125\r', 'Understanding the Koran: A Quick Christian Guide to the Muslim Holy Book', '', 'Zondervan', '6/6/2004', 192, '2018-05-27 21:23:44'),
(441, '9781599252919\r', 'PAUL and me: A Journey to and from the Damascus Road; From Islam to Christ', '', 'Solid Ground Christian Books', '8/26/2013', 256, '2018-05-27 21:23:44'),
(442, '9781556618192\r', 'Roman Catholic Controversy; The', '', 'Bethany House Publishers', '8/1/1996', 270, '2018-05-27 21:23:44'),
(443, '9781599251196\r', 'Letters to a Mormon Elder', '', 'Solid Ground Christian Books', '8/4/2007', 308, '2018-05-27 21:23:44'),
(444, '9781599251202\r', 'Is the Mormon My Brother?', '', 'Solid Ground Christian Books', '12/1/2008', 268, '2018-05-27 21:23:44'),
(445, '9780875523521\r', 'Every Thought Captive: A Study Manual for the Defense of Christian Truth', '', 'P & R Press', '6/1/1979', 0, '2018-05-27 21:23:44'),
(446, '9780852349175\r', 'Modern Exposition of 1689 Baptist Confession of Faith', '', 'Evangelical Press', '3/25/2013', 0, '2018-05-27 21:23:44'),
(447, '9781599250960\r', 'FIVE POINTS OF CALVINISM; THE', '', 'Solid Ground Christian Books', '2/8/2007', 88, '2018-05-27 21:23:44'),
(448, '9781599251981\r', 'Doctrine of Endless Punishment; The', '', 'Solid Ground Christian Books', '9/24/2008', 220, '2018-05-27 21:23:44'),
(449, '9781599251561\r', 'For Whom Did Christ Die?', '', '', '', 27, '2018-05-27 21:23:44'),
(450, '9780802838209\r', 'Systematic Theology', '', 'Wm. B. Eerdmans Publishing Co.', '9/24/1996', 992, '2018-05-27 21:23:44'),
(451, '9780851514581\r', 'Biblical Theology: Old and New Testaments', '', 'Banner of Truth', '7/1/1975', 436, '2018-05-27 21:23:44'),
(452, '9780851118963\r', 'Person of Christ (Contours of Christian Theology)', '', 'Inter-Varsity Press', '6/19/1998', 288, '2018-05-27 21:23:44'),
(453, '9780851511122\r', 'Christian View of Man; The', '', 'Banner of Truth Trust', '', 254, '2018-05-27 21:23:44'),
(454, '9780830828784\r', 'Concise New Testament Theology; A', '', 'IVP Academic', '7/29/2008', 304, '2018-05-27 21:23:44'),
(455, '9780801064357\r', 'Case for Amillennialism: Understanding the End Times; A', '', 'Baker Books', '3/1/2003', 272, '2018-05-27 21:23:44'),
(456, '9781596388154\r', 'Antinomianism', '', 'P & R Publishing', '11/15/2013', 176, '2018-05-27 21:23:44'),
(457, '9781573581639\r', 'Wiles Of Satan: A Discourse On 2 Corinthians 2:11; The', '', 'Soli Deo Gloria Pubns', '10/1/2004', 98, '2018-05-27 21:23:44'),
(458, '9781573580496\r', 'Puritans on Loving One Another (Puritan Writings)', '', 'Soli Deo Gloria Pubns', '9/1/1997', 130, '2018-05-27 21:23:44'),
(459, '9781573581134\r', 'Art of Divine Contentment; The', '', 'Soli Deo Gloria Publications', '3/1/2001', 133, '2018-05-27 21:23:44'),
(460, '9780979857966\r', 'Christian on the Mount: A Treatise on Meditation Wherein the Necessity; Usefulness; and Excellency of Meditation Are Discussed; The', '', 'Northampton Press', '', 120, '2018-05-27 21:23:44'),
(461, '9781601781970\r', 'Suffering and Sovereignty: John Flavel and the Puritans on Afflictive Providence', '', 'Reformation Heritage Books', '12/29/2012', 176, '2018-05-27 21:23:44'),
(462, '9780852346297\r', 'Puritan Reformed Spirituality: A Practical Biblical Study from Reformed and Puritan Heritage', '', 'Evangelical Press', '8/1/2006', 475, '2018-05-27 21:23:44'),
(463, '9781601780409\r', 'Heirs with Christ: The Puritans on Adoption', '', 'Reformation Heritage Books', '1/1/2008', 134, '2018-05-27 21:23:44'),
(464, '9780851512983\r', 'Lifting Up for the Downcast (Puritan Paperbacks); A', '', 'Banner of Truth', '10/1/1961', 288, '2018-05-27 21:23:44'),
(465, '9780875524665\r', 'Puritan Papers; Vol. 1 (Puritan Papers)', '', 'P & R Publishing', '9/5/2000', 336, '2018-05-27 21:23:44'),
(466, '9780851517131\r', 'Guide to the Puritans; A', '', 'Banner of Truth', '', 546, '2018-05-27 21:23:44'),
(467, '9780851515595\r', 'Human Nature in Its Fourfold State', '', 'Banner of Truth', '6/1/1964', 512, '2018-05-27 21:23:44'),
(468, '9780851510279\r', 'Today\'s Gospel: Authentic or Synthetic?', '', 'Banner of Truth', '7/1/1970', 93, '2018-05-27 21:23:44'),
(469, '9780851513553\r', 'God Transcendent', '', 'Banner of Truth', '11/1/1998', 206, '2018-05-27 21:23:44'),
(470, '9780971016972\r', 'Ephesians (Opening Up)', '', 'Evangelical Press', '', 101, '2018-05-27 21:23:44'),
(471, '9781845501372\r', 'Joshua: No Falling Words (Focus on the Bible)', '', 'Christian Focus', '12/1/2005', 207, '2018-05-27 21:23:44'),
(472, '9780852346334\r', 'Epistles of John; The', '', 'Evangelical Press', '10/26/2006', 250, '2018-05-27 21:23:44'),
(473, '9780852342312\r', 'Preacher on the Run (Jonah) (Welwyn Commentary)', '', 'Evangelical Press', '1/1/1993', 144, '2018-05-27 21:23:44'),
(474, '9780852342244\r', 'Amos', '', 'Evangelical Press', '6/1/1986', 144, '2018-05-27 21:23:44'),
(475, '9780851518145\r', 'Let\'s Study Hebrews (Let\'s Study Series)', '', 'Banner of Truth', '4/1/2002', 192, '2018-05-27 21:23:44'),
(476, '9780851518275\r', 'Let\'s Study Revelation (Let\'s Study Series)', '', 'Banner of Truth', '7/1/2003', 224, '2018-05-27 21:23:44'),
(477, '9781567692655\r', 'Mark: St. Andrews Expositional Commentary', '', 'Reformation Trust Publishing', '12/15/2011', 400, '2018-05-27 21:23:44'),
(478, '9781567691856\r', 'John (St. Andrew\'s Expositional Commentary)', '', 'Reformation Trust Publishing', '12/11/2009', 425, '2018-05-27 21:23:44'),
(479, '9781433506857\r', 'Romans (St. Andrew\'s Expositional Commentary)', '', 'Crossway', '10/1/2009', 520, '2018-05-27 21:23:44'),
(480, '9781857924909\r', 'Gospel of God; The (HB): Romans', '', 'Christian Focus', '9/20/1999', 254, '2018-05-27 21:23:44'),
(481, '9781567690774\r', 'Foundations of Grace (Long Line of Godly Men) (Long Line of Godly Men Profiles)', '', 'Reformation Trust Publishing', '9/1/2006', 577, '2018-05-27 21:23:44'),
(482, '9780851515069\r', 'John Vol. 3 (Expository Thoughts on the Gospels)', '', 'Banner of Truth', '3/1/1987', 552, '2018-05-27 21:23:44'),
(483, '9780851515052\r', 'John Vol. 2 (Expository Thoughts on the Gospels)', '', 'Banner of Truth', '3/1/1987', 448, '2018-05-27 21:23:44'),
(484, '9780851515045\r', 'John (Expository Thoughts on the Gospels)', '', 'Banner of Truth', '3/1/1987', 448, '2018-05-27 21:23:44'),
(485, '9780851514833\r', 'Matthew (Expository Thoughts on the Gospels) (Expository Thoughts on the Gospels)', '', 'Banner of Truth', '2/1/1986', 432, '2018-05-27 21:23:44'),
(486, '9780851514413\r', 'Mark (Expository Thoughts on the Gospels)', '', 'Banner of Truth', '1/1/1985', 384, '2018-05-27 21:23:44'),
(487, '9780851514970\r', 'Luke Vol. 1 (Expository Thoughts on the Gospels)', '', 'Banner of Truth', '11/1/1986', 416, '2018-05-27 21:23:44'),
(488, '9780851514987\r', 'Luke Vol. 2 (Expository Thoughts on the Gospels)', '', 'Banner of Truth', '11/1/1986', 560, '2018-05-27 21:23:44'),
(489, '9780851118284\r', 'Psalms: 1-72 (Tyndale Old Testament Commentary Series)', '', 'Inter-Varsity Press', '9/17/1973', 272, '2018-05-27 21:23:45'),
(490, '9780851118307\r', 'Psalms: 73-150 (Tyndale Old Testament Commentary Series)', '', 'Inter-Varsity Press', '5/13/1975', 242, '2018-05-27 21:23:45'),
(491, '9780852345610\r', 'King and His Kingdom: The Gospel of Matthew Simply Explained (Welwyn Commentary Series); The', '', 'EP BOOKS', '8/1/2004', 544, '2018-05-27 21:23:45'),
(492, '9780852342794\r', 'Living for Christ: 1 & 2 Peter (One and Two Peter)', '', 'EP BOOKS', '11/1/2006', 256, '2018-05-27 21:23:45'),
(493, '9780852344507\r', 'Hosea and Obadiah', '', 'Evangelical Press', '1/1/2004', 255, '2018-05-27 21:23:45'),
(494, '9780852343364\r', 'Storm Breaks (Job) (Welwyn Commentaries)', '', 'EP BOOKS', '11/1/2003', 352, '2018-05-27 21:23:45'),
(495, '9780852345436\r', 'Heavenly Wisdom: Proverbs Simply Explained (Welwyn Commentary Series)', '', 'EP BOOKS', '9/1/2003', 496, '2018-05-27 21:23:45'),
(496, '9780852343104\r', 'God Strengthens: Ezekiel Simply Explained (Welwyn Commentary Series)', '', 'Evangelical Press', '12/1/1993', 320, '2018-05-27 21:23:45'),
(497, '9780852342015\r', 'Wcs Judges and Ruth: Even in Darkness (Welwyn Commentary)', '', 'EP BOOKS', '6/3/1985', 144, '2018-05-27 21:23:45'),
(498, '9780852343845\r', 'Straightening Out the Self-Centred Church: The Message of Titus (Welwyn Commentary)', '', 'Evangelical Press', '5/1/1997', 192, '2018-05-27 21:23:45'),
(499, '9780852341247\r', 'Gospel as It Really Is: Romans Simply Explained (Welwyn Commentaries); The', '', 'EP BOOKS', '6/1/1979', 176, '2018-05-27 21:23:45'),
(500, '9780852347003\r', 'Expectant Prophet: Habakkuk Simply Explained (Welwyn Commentaries); The', '', 'EP BOOKS', '7/1/2009', 142, '2018-05-27 21:23:45'),
(501, '9781596381582\r', 'Weight of a Flame: The Passion of Olympia Morata (Chosen Daughters)', '', 'P & R Publishing', '11/18/2011', 256, '2018-05-27 21:23:45'),
(502, '9781892777706\r', 'Caleb\'s Lamb', '', 'Reformation Heritage Books', '5/25/2012', 95, '2018-05-27 21:23:45'),
(503, '9781781911525\r', 'God Answers Prayer for Boys', '', 'CF4Kids', '7/20/2013', 96, '2018-05-27 21:23:45'),
(504, '9781932474763\r', 'Child\'s Book on the Fall of Man; The', '', 'Solid Ground Christian Books', '5/14/2005', 108, '2018-05-27 21:23:45'),
(505, '9781599250632\r', 'Child\'s Book on the Sabbath; The', '', 'Solid Ground Christian Books', '3/24/2006', 208, '2018-05-27 21:23:45'),
(506, '9781599251288\r', 'Youth\'s Book of Natural Theology; The', '', 'Solid Ground Christian Books', '9/1/2007', 240, '2018-05-27 21:23:45'),
(507, '9781599251165\r', 'Child\'s Book on the Soul; The', '', 'Solid Ground Christian Books', '9/1/2007', 164, '2018-05-27 21:23:45'),
(508, '9781845501556\r', 'Charles Spurgeon The Prince Of Preachers (Traiblazers)', '', 'CF4K', '9/1/2006', 144, '2018-05-27 21:23:45'),
(509, '9781599252339\r', 'Scripture Biography for the Young', '', 'Solid Ground Christian Books', '10/1/2009', 212, '2018-05-27 21:23:45'),
(510, '9781599252346\r', 'Scripture Biography for the Young', '', 'Solid Ground Christian Books', '10/1/2009', 220, '2018-05-27 21:23:45'),
(511, '9781599252360\r', 'Scripture Biography for the Young: Vol. 4 - Moses Part 2', '', 'Solid Ground Christian Books', '10/14/2009', 276, '2018-05-27 21:23:45'),
(512, '9781599252377\r', 'Scripture Biography for the Young', '', 'Solid Ground Christian Books', '10/1/2009', 298, '2018-05-27 21:23:45'),
(513, '9781599251424\r', 'Scripture Biography for the Young', '', 'Solid Ground Christian Books', '10/1/2009', 112, '2018-05-27 21:23:45'),
(514, '9781599250007\r', 'Heroes of the Early Church: Life-Changing Lessons for the Young', '', 'Solid Ground Christian Books', '7/6/2005', 196, '2018-05-27 21:23:45'),
(515, '9781932474831\r', 'Heroes of the Reformation', '', 'Solid Ground Christian Books', '6/10/2005', 276, '2018-05-27 21:23:45'),
(516, '9781857925258\r', 'Basket of Flowers (Classic Stories); A', '', 'CF4Kids', '7/20/2005', 192, '2018-05-27 21:23:45'),
(517, '9781857928150\r', 'How God Used A Thunderstorm and Other Devotional Stories (Building on the Rock)', '', 'Christian Focus', '5/20/2004', 176, '2018-05-27 21:23:45'),
(518, '9781596380615\r', 'Against the Tide: The Valor of Margaret Wilson (Chosen Daughters)', '', 'P & R Publishing', '7/1/2007', 219, '2018-05-27 21:23:45'),
(519, '9781845500412\r', 'Polycarp: The Crown of Fire (Torchbearers)', '', 'CF4Kids', '7/20/2005', 272, '2018-05-27 21:23:45'),
(520, '9781857923490\r', 'Martyn Lloyd-Jones: From Wales to Westminster (Trailblazers)', '', 'CF4Kids', '11/21/2005', 160, '2018-05-27 21:23:45'),
(521, '9781845500849\r', 'John Calvin: After Darkness Light (Trailblazers)', '', 'CF4Kids', '1/20/2009', 160, '2018-05-27 21:23:45'),
(522, '9781857924237\r', 'Hudson Taylor: An Adventure Begins (Trailblazers)', '', 'CF4Kids', '11/20/2005', 176, '2018-05-27 21:23:45'),
(523, '9781857926606\r', 'Adoniram Judson: Danger on the Streets of Gold (Trailblazers)', '', 'CF4Kids', '11/20/2001', 160, '2018-05-27 21:23:45'),
(524, '9781845506957\r', 'David Brainerd: A Love for the Lost (Trail Blazers)', '', 'CF4K', '5/9/2011', 160, '2018-05-27 21:23:45'),
(525, '9781857929478\r', 'Robert Murray McCheyne: Life Is An Adventure (Trailblazers)', '', 'CF4Kids', '5/21/2004', 160, '2018-05-27 21:23:45'),
(526, '9781845507725\r', 'George Whitefield: Voice That Woke the World (Trailblazers)', '', 'CF4Kids', '11/20/2011', 192, '2018-05-27 21:23:45'),
(527, '9781857928525\r', 'John G. Paton: South Sea Island Rescue (Trailblazers)', '', 'CF4Kids', '11/21/2005', 160, '2018-05-27 21:23:45'),
(528, '9781845504588\r', 'John Bunyan: Journey of a Pilgrim (Trailblazers)', '', 'CF4Kids', '7/20/2009', 192, '2018-05-27 21:23:45'),
(529, '9781857929720\r', 'William Tyndale: The Smuggler\'s Flame (Torchbearers)', '', 'CF4Kids', '1/20/2005', 144, '2018-05-27 21:23:45'),
(530, '9781599252322\r', 'Nuts for Boys to Crack: Earthly Stories with a Heavenly Meaning', '', 'Solid Ground Christian Books', '10/9/2009', 272, '2018-05-27 21:23:45'),
(531, '9781932474879\r', 'King\'s Highway: The Ten Commandments Explained to the Young; The', '', 'Solid Ground Christian Books', '6/14/2005', 252, '2018-05-27 21:23:45'),
(532, '9781601780232\r', 'Bearing Fruit: Stories About Godliness for Children (Lord\'s Garden)', '', 'Reformation Heritage Books', '8/2/2007', 151, '2018-05-27 21:23:45'),
(533, '9781601780010\r', 'Taking Root: Conversion Stories for Children', '', 'Reformation Heritage Books', '10/26/2006', 190, '2018-05-27 21:23:45'),
(534, '9781599250205\r', 'CHILD\'S BOOK ON REPENTANCE; THE', '', 'Solid Ground Christian Books', '9/24/2005', 156, '2018-05-27 21:23:45'),
(535, '9781845500825\r', 'Peril and Peace: Chronicles of the Ancient Church (History Lives series)', '', 'CF4Kids', '1/20/2006', 240, '2018-05-27 21:23:45'),
(536, '9781845500832\r', 'Monks and Mystics: Chronicles of the Medieval Church (History Lives series)', '', 'CF4K', '12/5/2005', 223, '2018-05-27 21:23:45'),
(537, '9781845502225\r', 'Courage and Conviction: Chronicles of the Reformation Church (History Lives series)', '', 'CF4Kids', '1/20/2007', 256, '2018-05-27 21:23:45'),
(538, '9781845502881\r', 'Hearts and Hands: Chronicles of the Awakening Church (History Lives series)', '', 'CF4Kids', '11/20/2007', 224, '2018-05-27 21:23:45'),
(539, '9781845504335\r', 'Rescue and Redeem: Volume 5: Chronicles of the Modern Church 1860 AD - Tomorrow (History Lives)', '', 'CF4Kids', '1/20/2009', 256, '2018-05-27 21:23:45'),
(540, '9781857928167\r', 'How God Stopped The Pirates and Other Devotional Stories (Building on the Rock)', '', 'CF4Kids', '5/20/2004', 176, '2018-05-27 21:23:45'),
(541, '9781857928174\r', 'How God Used a Snowdrift (Building on the Rock)', '', 'CF4Kids', '1/20/2005', 176, '2018-05-27 21:23:45'),
(542, '9781857928181\r', 'How God Used a Drought and an Umbrella (Building on the Rock)', '', 'CF4Kids', '1/21/2006', 176, '2018-05-27 21:23:46'),
(543, '9781857928198\r', 'How God Sent a Dog to Save a Family (Building on the Rock)', '', 'CF4Kids', '11/20/2004', 176, '2018-05-27 21:23:46'),
(544, '9781846252884\r', 'How a Spider Saved a Man\'s Life and 51 Other Great Stories (52 Spurgeon Stories for Children)', '', 'Day One Publications', '10/15/2011', 111, '2018-05-27 21:23:46'),
(545, '9781846254062\r', 'Fly On the Nose and 51 Other Great Stories (52 Spurgeon Stories for Children); A', '', 'Day One Publications', '1/1/2013', 111, '2018-05-27 21:23:46'),
(546, '9781781911518\r', 'God Answers Prayer for Girls', '', 'CF4Kids', '7/20/2013', 96, '2018-05-27 21:23:46'),
(547, '9781576581537\r', 'David Livingstone: Africa\'s Trailblazer (Christian Heroes: Then & Now)', '', 'YWAM Publishing', '7/1/1999', 214, '2018-05-27 21:23:46'),
(548, '9781576581612\r', 'Adoniram Judson: Bound for Burma (Christian Heroes: Then & Now)', '', 'YWAM Publishing', '1/1/2000', 230, '2018-05-27 21:23:46'),
(549, '9781577485582\r', 'Florence Nightingale: Lady with the Lamp (Heroes of the Faith (Barbour Paperback))', '', 'Barbour Publishing; Incorporated', '7/1/1999', 208, '2018-05-27 21:23:46'),
(550, '9781557487278\r', 'Martin Luther: The Great Reformer (Heroes of the Faith (Barbour Paperback))', '', 'Barbour Publishing; Incorporated', '10/1/1995', 208, '2018-05-27 21:23:46'),
(551, '9781577481065\r', 'William Carey: Father of Missions (Heroes of the Faith (Barbour Paperback))', '', 'Barbour Publishing; Incorporated', '11/1/1997', 208, '2018-05-27 21:23:46'),
(552, '9781557487315\r', 'Heroes of the Faith: Fanny Crosby (1820-1915): The Hymn Writer (Heroes of the Faith (Barbour Paperback))', '', 'Barbour Publishing; Incorporated', '10/1/1995', 208, '2018-05-27 21:23:46'),
(553, '9781599250281\r', 'MANUAL FOR THE YOUNG; A', '', 'Solid Ground Christian Books', '10/29/2005', 132, '2018-05-27 21:23:46'),
(554, '9781599252575\r', 'Child\'s Preacher; The', '', 'Solid Ground Christian Books', '5/1/2011', 458, '2018-05-27 21:23:46'),
(555, '9781599250779\r', 'TRUTH MADE SIMPLE: Sermons on the Attributes of God for Children', '', 'Solid Ground Christian Books', '5/30/2006', 148, '2018-05-27 21:23:46'),
(556, '9781599250571\r', 'Bible Promises: Sermons for Children on God\'s Word as Our Solid Rock', '', 'Solid Ground Christian Books', '3/20/2006', 192, '2018-05-27 21:23:46'),
(557, '9781596382190\r', 'God\'s Names (Children Desiring God)', '', 'P & R Publishing', '1/26/2011', 120, '2018-05-27 21:23:46'),
(558, '9781601780683\r', 'God\'s Alphabet for Life: Devotions for Young Children', '', 'Reformation Heritage Books', '1/1/2009', 74, '2018-05-27 21:23:46'),
(559, '9781433514012\r', 'God\'s Mighty Acts in Salvation', '', 'Crossway', '8/12/2010', 96, '2018-05-27 21:23:46'),
(560, '9780852344637\r', 'Sad Little Dog; A', '', 'Evangelical Press', '1/1/2000', 176, '2018-05-27 21:23:46'),
(561, '9781567691092\r', 'Sammy and His Shepherd', '', 'Reformation Trust Publishing', '12/2/2008', 56, '2018-05-27 21:23:46'),
(562, '9781581340051\r', 'My ABC Bible Verses: Hiding God\'s Word in Little Hearts', '', 'Crossway', '7/1/1998', 64, '2018-05-27 21:23:46'),
(563, '9781601781529\r', 'Quest For Comfort: The Story of the Heidelberg Catechism; The', '', 'Reformation Heritage Books', '1/1/2011', 32, '2018-05-27 21:23:46'),
(564, '9781601781918\r', 'Glory of Grace: the Story of the Canons of Dort; The', '', 'Reformation Heritage Books', '9/28/2012', 32, '2018-05-27 21:23:46'),
(565, '9781601781024\r', 'Faithfulness Under Fire: The Story of Guido de Bres', '', 'Reformation Heritage Books', '9/20/2012', 30, '2018-05-27 21:23:46'),
(566, '9781930367593\r', 'John Bunyan The Tinker Of Bedford (Misc Homeschool)', '', 'Christian Liberty Press', '8/1/2007', 160, '2018-05-27 21:23:46'),
(567, '9781573580366\r', 'Persuasives to Early Piety (Family Titles)', '', 'Soli Deo Gloria Pubns', '', 362, '2018-05-27 21:23:46'),
(568, '9781599251516\r', 'Pebbles from the Brook', '', 'Solid Ground Christian Books', '1/1/2011', 316, '2018-05-27 21:23:46'),
(569, '9781599250830\r', 'BIBLE WARNINGS: Sermons to Children', '', 'Solid Ground Christian Books', '6/15/2006', 396, '2018-05-27 21:23:46'),
(570, '9781848710924\r', 'Polycarp of Smyrna (Heroes of the Faith)', '', 'Banner of Truth', '12/1/2010', 40, '2018-05-27 21:23:46'),
(571, '9781848710931\r', 'Ignatius of Antioch (Heroes of the Faith)', '', 'Banner of Truth', '12/1/2010', 40, '2018-05-27 21:23:46'),
(572, '9781848710948\r', 'Irenaeus of Lyons (Heroes of the Faith)', '', 'Banner of Truth', '12/1/2010', 40, '2018-05-27 21:23:46'),
(573, '9780802836199\r', 'Dangerous Journey: The Story of Pilgrim\'s Progress', '', 'Eerdmans Books For Young Readers', '7/10/1985', 126, '2018-05-27 21:23:46'),
(574, '9781601780881\r', 'John Owen (Christian Biographies for Young Readers)', '', 'Reformation Heritage Books', '9/20/2010', 64, '2018-05-27 21:23:46'),
(575, '9781601783547\r', 'Jonathan Edwards (Christian Biographies for Young Readers)', '', 'Reformation Heritage Books', '9/24/2014', 64, '2018-05-27 21:23:46'),
(576, '9781601782410\r', 'Anselm of Canterbury (Christian Biographies for Young Readers)', '', 'Reformation Heritage Books', '6/14/2013', 64, '2018-05-27 21:23:46'),
(577, '9781601781512\r', 'Athanasius (Christian Biographies for Young Readers)', '', 'Reformation Heritage Books', '9/1/2011', 64, '2018-05-27 21:23:46'),
(578, '9781601782892\r', 'John Knox (Christian Biographies for Young Readers)', '', 'Reformation Heritage Books', '2/18/2014', 64, '2018-05-27 21:23:46'),
(579, '9781601780737\r', 'Augustine of Hippo (Christian Biographies for Young Readers)', '', 'Reformation Heritage Books', '10/10/2009', 64, '2018-05-27 21:23:46'),
(580, '9781601780553\r', 'John Calvin (Christian Biographies for Young Readers)', '', 'Reformation Heritage Books', '1/17/2013', 64, '2018-05-27 21:23:46'),
(581, '9781601781901\r', 'Lady Jane Grey (Christian Biographies for Young Readers)', '', 'Reformation Heritage Books', '7/27/2012', 64, '2018-05-27 21:23:46'),
(582, '9781845503710\r', 'Big Book of Bible Truths 1', '', 'CF4Kids', '9/20/2008', 64, '2018-05-27 21:23:46'),
(583, '9781845503727\r', 'Big Book of Bible Truths 2', '', 'CF4Kids', '9/20/2008', 64, '2018-05-27 21:23:46'),
(584, '9781857922950\r', 'Big Book Of Questions and Answers', '', 'CF4K', '8/1/1997', 96, '2018-05-27 21:23:46'),
(585, '9781433514722\r', 'Church History ABCs: Augustine and 25 Other Heroes of the Faith; The', '', 'Crossway', '6/14/2010', 32, '2018-05-27 21:23:46'),
(586, '9781936215225\r', 'Bible Stories for the Very Young', '', '', '1/1/2015', 108, '2018-05-27 21:23:46'),
(587, '9781601780287\r', 'Reformation Heroes', '', 'Reformation Heritage Books', '1/10/2007', 256, '2018-05-27 21:23:46'),
(588, '9780875527000\r', 'King Without a Shadow; The', '', 'P & R Publishing', '11/1/2000', 32, '2018-05-27 21:23:46'),
(589, '9781567692105\r', 'Priest with Dirty Clothes; The', '', 'Reformation Trust Publishing', '2/11/2011', 45, '2018-05-27 21:23:46'),
(590, '9781567691047\r', 'Prince\'s Poison Cup; The', '', 'Reformation Trust Publishing', '10/30/2008', 35, '2018-05-27 21:23:46'),
(591, '9781567690781\r', 'Lightlings; The', '', 'Reformation Trust Publishing', '10/2/2006', 40, '2018-05-27 21:23:46'),
(592, '9781433527036\r', 'Barber Who Wanted to Pray; The', '', 'Crossway', '9/16/2011', 40, '2018-05-27 21:23:46'),
(593, '9781567692693\r', 'Donkey Who Carried a King; The', '', 'Reformation Trust Publishing', '2/17/2012', 48, '2018-05-27 21:23:46'),
(594, '9781601784544\r', 'Martin Luther', '', 'Reformation Heritage Books', '3/20/2016', 64, '2018-05-27 21:23:46'),
(595, '9780851510354\r', 'Beatitudes: An Exposition of Matthew 5: 1-12', '', 'Banner of Truth', '5/1/1971', 307, '2018-05-27 21:23:46'),
(596, '9780851510835\r', 'True Bounds of Christian Freedom; The', '', 'Banner of Truth', '2/1/1965', 224, '2018-05-27 21:23:46'),
(597, '9780851511436\r', 'plague of plagues.; The', '', 'Banner of Truth Trust', '1/1/1965', 284, '2018-05-27 21:23:46'),
(598, '9780851511450\r', 'Lord\'s Prayer', '', 'Banner of Truth', '8/1/1960', 332, '2018-05-27 21:23:46'),
(599, '9780851511450\r', 'Body of Divinity: Contained in Sermons Upon the Westminster Assembly\'s Catechism By Thomas Watson; A', '', 'Banner Of Truth', '1/1/1974', 316, '2018-05-27 21:23:47'),
(600, '9781932474473\r', 'Shorter Catechism Illustrated - Pape; The', '', 'Solid Ground Christian Books', '7/1/2004', 176, '2018-05-27 21:23:47'),
(601, '9781371919313\r', 'Institutes of the Christian Religion; Volume 1', '', 'Wentworth Press', '8/28/2016', 0, '2018-05-27 21:23:47'),
(602, '9781373522818\r', 'Institutes of the Christian Religion; Volume 2', '', 'Wentworth Press', '8/29/2016', 0, '2018-05-27 21:23:47'),
(603, '9780851510552\r', 'Summary of Christian Doctrine; A', '', 'Banner of Truth', '12/1/1960', 184, '2018-05-27 21:23:47'),
(604, '9780851511337\r', 'Sovereignty of God; The', '', 'Banner of Truth', '', 0, '2018-05-27 21:23:47'),
(605, '9780851511757\r', 'Signs of the Apostles', '', 'Banner of Truth', '9/1/1973', 102, '2018-05-27 21:23:47'),
(606, '9781567694031\r', 'Trinitarian Devotion of John Owen; The', '', 'Reformation Trust Publishing', '10/15/2014', 140, '2018-05-27 21:23:47'),
(607, '9780852342565\r', 'Wolf from Scotland', '', 'Evangelical Press', '1/1/1988', 256, '2018-05-27 21:23:47'),
(608, '9780854797806\r', 'Introduction to the Baptists; An', '', 'Henry E. Walter', '1/1/1973', 0, '2018-05-27 21:23:47'),
(609, '9780877847700\r', 'Knowing God', '', 'Intervarsity Pr', '', 256, '2018-05-27 21:23:47'),
(610, '9780851513515\r', 'Charity and Its Fruits: Christian Love as Manifested in the Heart and Life', '', 'Banner of Truth', '11/1/1969', 368, '2018-05-27 21:23:47'),
(611, '9781433504976\r', 'Atheism Remix: A Christian Confronts the New Atheists', '', 'Crossway', '7/25/2008', 112, '2018-05-27 21:23:47'),
(612, '9781877611865\r', 'Female Piety', '', 'Soli Deo Gloria Pubns', '9/1/1997', 0, '2018-05-27 21:23:47'),
(613, '9780903556576\r', 'Isaac Watts Remembered 1674-1748', '', 'Revival Literature', '', 112, '2018-05-27 21:23:47'),
(614, '9780851515649\r', 'David Martyn Lloyd-Jones: The Fight of Faith 1939-1981 (v. 2)', '', 'Banner of Truth', '6/1/1990', 862, '2018-05-27 21:23:47'),
(615, '9780685007488\r', 'Mary Bunyan: Blind Daughter of John Bunyan', '', 'Hess Pubns', '6/1/1990', 0, '2018-05-27 21:23:47'),
(616, '9780852342725\r', 'Triumph of the King (2 Samuel) (Welwyn Commentary Series) (Welwyn Commentaries)', '', 'Evangelical Press', '1/1/1993', 272, '2018-05-27 21:23:47'),
(617, '9780852342619\r', 'Practical Christian - WCS James', '', 'Evangelical Press', '1/1/1993', 256, '2018-05-27 21:23:47'),
(618, '9780852342596\r', 'Wcs Haggai and Zechariah: Building for God\'s Glory (Welwyn Commentary)', '', 'EP BOOKS', '6/5/1989', 240, '2018-05-27 21:23:47'),
(619, '9780852342572\r', 'Great Is Your Faithfulness (Lamentations)', '', 'Evangelical Pr', '', 160, '2018-05-27 21:23:47'),
(620, '9780851511061\r', 'Commentary on the Gospel of St.John', '', 'The Banner of Truth Trust', '', 508, '2018-05-27 21:23:47'),
(621, '\r', '1 & 2 Thessalonians', '', 'Banner of Truth', '1/1/1972', 0, '2018-05-27 21:23:47'),
(622, '9780851118741\r', 'ACTS ( Tyndale New Testament Commentaries #5 )', '', 'IVP', '', 0, '2018-05-27 21:23:47'),
(623, '9781573580083\r', 'Good Start: A Book for Young Men and Women (Family Titles); A', '', 'Soli Deo Gloria Ministries', '6/1/2003', 329, '2018-05-27 21:23:47'),
(624, '9781573581684\r', 'To the Rising Generation', '', 'Reformation Heritage Books', '4/1/2005', 0, '2018-05-27 21:23:47'),
(625, '9781594421297\r', 'Stories of the Huguenots in France and Italy', '', 'Sprinkle Publications', '1/1/2004', 0, '2018-05-27 21:23:47'),
(626, '9780802880314\r', 'Commentary on the First Epistle to the Corinthians', '', 'Wm. B. Eerdmans Publishing Company', '11/20/1950', 400, '2018-05-27 21:23:47'),
(627, '9781565631960\r', 'History of the Christian Church; 8 vols.', '', 'Hendrickson Publishers; Inc.', '7/1/2006', 7120, '2018-05-27 21:23:47'),
(628, '9780852343937\r', 'Family Tree: The Message of 1 Chronicles (Welwyn Commentary S); A', '', 'Evangelical Pr', '', 224, '2018-05-27 21:23:47'),
(629, '9780825427220\r', 'Studies in the New Testament', '', 'Kregel Publications', '6/1/1984', 406, '2018-05-27 21:23:47'),
(630, '9780825427237\r', 'Studies in Paul\'s Epistles', '', 'Kregel Pubns', '6/1/1984', 345, '2018-05-27 21:23:47'),
(631, '9780943575513\r', 'Matthew Henry\'s Commentary on the Whole Bible', '', 'Hendrickson Publishers', '', 0, '2018-05-27 21:23:47'),
(632, '\r', 'Inspiration and Authority of the Bible; The', '', 'Presyterian and reformed Publishing', '', 0, '2018-05-27 21:23:47'),
(633, '9780851515342\r', 'Biblical Doctrines', '', 'Banner of Truth', '7/1/1988', 674, '2018-05-27 21:23:47'),
(634, '9781565634596\r', 'Systematic Theology - (3-Volume Set)', '', 'Hendrickson Pub', '', 2400, '2018-05-27 21:23:47'),
(635, '9780801011153\r', 'Life and Work of Our Lord; The', '', 'Baker Publishing Group', '5/1/1996', 2120, '2018-05-27 21:23:47'),
(636, '9780851515571\r', 'Grow in Grace', '', 'Banner of Truth', '12/1/1989', 160, '2018-05-27 21:23:47'),
(637, '9780978571139\r', 'BAPTISM OF DISCIPLES ALONE THE HB', '', 'EVANGELICAL PRESS', '9/1/2008', 0, '2018-05-27 21:23:47'),
(638, '9780852344804\r', 'House of Prayer: The Message of 2 Chronicles (Welwyn Commentary Series); A', '', 'EP BOOKS', '4/1/2002', 480, '2018-05-27 21:23:47'),
(639, '9780852346136\r', 'Nine Day Queen of England: Lady Jane Grey; The', '', 'EP BOOKS', '12/1/2005', 249, '2018-05-27 21:23:47'),
(640, '9781601781505\r', 'Reformer of Basel: The Life; Thought; and Influence of Johannes Oecolampadius', '', 'Reformation Heritage Books', '11/18/2011', 230, '2018-05-27 21:23:47'),
(641, '9781599252445\r', 'Truth Set Us Free: Twenty Former Nuns Tell Their Stories; The', '', 'Solid Ground Christian Books', '', 237, '2018-05-27 21:23:47'),
(642, '9780851511900\r', 'God Made Them Great', '', 'Banner of Truth', '6/1/1974', 135, '2018-05-27 21:23:47'),
(643, '9780687168958\r', 'Here I Stand: A Life of Martin Luther (Abingdon Classics Series)', '', 'Abingdon Press', '', 336, '2018-05-27 21:23:47'),
(644, '9781576581476\r', 'William Carey: Obliged to Go (Christian Heroes: Then & Now)', '', 'YWAM Publishing', '12/1/1998', 216, '2018-05-27 21:23:47'),
(645, '9780852345481\r', 'Food for Cannibals: The Story of John Paton', '', 'EP BOOKS', '12/1/2003', 176, '2018-05-27 21:23:47'),
(646, '9780851516356\r', 'Samuel Rutherford and His Friends', '', 'Banner of Truth', '12/1/1996', 168, '2018-05-27 21:23:47'),
(647, '9780851510859\r', 'Robert Murray M\'Cheyne', '', 'Banner of Truth', '11/1/1960', 192, '2018-05-27 21:23:47'),
(648, '9780851511566\r', 'Forgotten Spurgeon-out of print', '', 'Banner of Truth', '12/1/1972', 254, '2018-05-27 21:23:47'),
(649, '9780852344019\r', 'King Of The Cannibals: The Story Of John G. Paton; Missionary To The Hebrides', '', 'Evangelical Pr', '', 288, '2018-05-27 21:23:47'),
(650, '9780801009761\r', 'Life and Diary of David Brainerd; The', '', 'Baker Book House', '8/1/1989', 384, '2018-05-27 21:23:47'),
(651, '9780974236506\r', 'Marriage to a Difficult Man: The Uncommon Union of Jonathan & Sarah Edwards', '', 'Auduborn Press', '4/15/2005', 264, '2018-05-27 21:23:47'),
(652, '9780946462742\r', 'I Can Plod...', '', 'EP BOOKS', '1/1/2007', 309, '2018-05-27 21:23:47'),
(653, '9780852340998\r', 'God Sent Revival: The Story of Asahel Nettleton and the Second Great Awakening', '', 'Evangelical Press', '12/1/1993', 240, '2018-05-27 21:23:47'),
(654, '9780851518121\r', 'Selina: Countess of Huntingdon: Her Pivotal Role in the 18th Century Evangelical Awakening', '', 'Banner of Truth', '11/1/2001', 478, '2018-05-27 21:23:47'),
(655, '9780851516080\r', 'Life of John Duncan; The', '', 'Banner of Truth', '1/1/1991', 231, '2018-05-27 21:23:47'),
(656, '9780156870115\r', 'Surprised by Joy: The Shape of My Early Life', '', 'Harcourt; Brace; Jovanovich', '3/23/1966', 238, '2018-05-27 21:23:47'),
(657, '9780851510262\r', 'George Whitefield: The Life and Times of the Great Evangelist of the Eighteenth-Century Revival - Volume I', '', 'Banner of Truth', '10/1/1970', 612, '2018-05-27 21:23:47'),
(658, '9780851518251\r', 'Ernest C. Reisinger: A Biography', '', 'Banner of Truth', '9/30/2002', 262, '2018-05-27 21:23:47'),
(659, '9780851516677\r', 'John G. Paton: Missionary to the New Hebrides', '', 'Banner of Truth', '10/1/1994', 524, '2018-05-27 21:23:47'),
(660, '9780851518053\r', 'Preachers of Scotland: From the Sixth to the Nineteenth Century', '', 'Banner of Truth', '7/1/2001', 368, '2018-05-27 21:23:47'),
(661, '9780902506053\r', 'Life of John Knox; The', '', 'Free Presbyterian Publications', '', 0, '2018-05-27 21:23:47'),
(662, '9780851514512\r', 'Spurgeon', '', 'Banner of Truth', '9/1/1985', 252, '2018-05-27 21:23:47'),
(663, '9780802452412\r', 'Memoirs of McCheyne', '', 'Moody Press', '4/1/1978', 448, '2018-05-27 21:23:48'),
(664, '9780851510767\r', 'C. H. Spurgeon Autobiography: The Early Years; 1834-1859', '', 'Banner of Truth', '12/1/1962', 580, '2018-05-27 21:23:48'),
(665, '9780906731116\r', 'Nehemiah Builder For God (Bibletime Books)', '', '', '1/1/1992', 0, '2018-05-27 21:23:48'),
(666, '9780781402576\r', 'King Without a Shadow; The', '', 'Chariot Victor Pub', '', 0, '2018-05-27 21:23:48'),
(667, '9781885904089\r', 'Excellent Wife: A Biblical Perspective; The', '', 'Focus Publishing (MN)', '9/1/1999', 257, '2018-05-27 21:23:48'),
(668, '9781599252490\r', 'Jesus Loves the Church and So Should You: Studies in Biblical Churchmanship', '', 'Solid Ground Christian Books', '10/14/2010', 154, '2018-05-27 21:23:48'),
(669, '9780310511113', 'Marriage; Divorce; and Remarriage in the Bible', '', 'Zondervan', '6/2/1986', 128, '2018-05-27 21:23:48');

-- --------------------------------------------------------

--
-- Table structure for table `temp`
--

CREATE TABLE `temp` (
  `resource_id` int(11) DEFAULT NULL,
  `firstname` varchar(24) DEFAULT NULL,
  `lastname` varchar(24) DEFAULT NULL,
  `email` varchar(48) DEFAULT NULL
) ENGINE=InnoDB DEFAULT CHARSET=latin1;

-- --------------------------------------------------------

--
-- Table structure for table `transaction_log`
--

CREATE TABLE `transaction_log` (
  `id` int(11) NOT NULL,
  `resource_id` varchar(20) NOT NULL,
  `type` int(11) NOT NULL,
  `users_id` int(11) NOT NULL,
  `timestamp` datetime NOT NULL
) ENGINE=InnoDB DEFAULT CHARSET=utf8 COMMENT='transaction types: 0 - out, 1-in, 2-repair';

--
-- Dumping data for table `transaction_log`
--

INSERT INTO `transaction_log` (`id`, `resource_id`, `type`, `users_id`, `timestamp`) VALUES
(5, '23', 2, 1, '2018-08-06 10:56:42'),
(6, '567', 2, 3, '2018-08-06 10:57:29'),
(7, '62', 2, 1, '2018-08-06 10:58:35'),
(8, '23', 1, 1, '2018-08-06 12:27:17');

-- --------------------------------------------------------

--
-- Table structure for table `users`
--

CREATE TABLE `users` (
  `id` int(11) NOT NULL,
  `firstname` varchar(24) NOT NULL,
  `lastname` varchar(24) NOT NULL,
  `email` varchar(48) NOT NULL
) ENGINE=InnoDB DEFAULT CHARSET=latin1;

--
-- Dumping data for table `users`
--

INSERT INTO `users` (`id`, `firstname`, `lastname`, `email`) VALUES
(1, 'Quinn', 'Roemer', 'computergeek710@gmail.com'),
(2, 'John', 'Smith', 'john_smith@yahoo.com'),
(3, 'Daniel', 'Dog', 'danielDog@something.com');

--
-- Indexes for dumped tables
--

--
-- Indexes for table `admin`
--
ALTER TABLE `admin`
  ADD PRIMARY KEY (`id`);

--
-- Indexes for table `applied_category`
--
ALTER TABLE `applied_category`
  ADD PRIMARY KEY (`id`);

--
-- Indexes for table `author`
--
ALTER TABLE `author`
  ADD PRIMARY KEY (`id`);

--
-- Indexes for table `authorship`
--
ALTER TABLE `authorship`
  ADD PRIMARY KEY (`id`);

--
-- Indexes for table `category`
--
ALTER TABLE `category`
  ADD PRIMARY KEY (`id`);

--
-- Indexes for table `deleted_resource`
--
ALTER TABLE `deleted_resource`
  ADD PRIMARY KEY (`id`);

--
-- Indexes for table `resource`
--
ALTER TABLE `resource`
  ADD PRIMARY KEY (`id`);

--
-- Indexes for table `transaction_log`
--
ALTER TABLE `transaction_log`
  ADD PRIMARY KEY (`id`);

--
-- Indexes for table `users`
--
ALTER TABLE `users`
  ADD PRIMARY KEY (`id`);

--
-- AUTO_INCREMENT for dumped tables
--

--
-- AUTO_INCREMENT for table `admin`
--
ALTER TABLE `admin`
  MODIFY `id` int(12) NOT NULL AUTO_INCREMENT, AUTO_INCREMENT=2;

--
-- AUTO_INCREMENT for table `applied_category`
--
ALTER TABLE `applied_category`
  MODIFY `id` int(11) NOT NULL AUTO_INCREMENT;

--
-- AUTO_INCREMENT for table `author`
--
ALTER TABLE `author`
  MODIFY `id` int(11) NOT NULL AUTO_INCREMENT, AUTO_INCREMENT=329;

--
-- AUTO_INCREMENT for table `authorship`
--
ALTER TABLE `authorship`
  MODIFY `id` int(11) NOT NULL AUTO_INCREMENT, AUTO_INCREMENT=668;

--
-- AUTO_INCREMENT for table `category`
--
ALTER TABLE `category`
  MODIFY `id` int(11) NOT NULL AUTO_INCREMENT;

--
-- AUTO_INCREMENT for table `deleted_resource`
--
ALTER TABLE `deleted_resource`
  MODIFY `id` int(11) NOT NULL AUTO_INCREMENT, AUTO_INCREMENT=4;

--
-- AUTO_INCREMENT for table `resource`
--
ALTER TABLE `resource`
  MODIFY `id` int(11) NOT NULL AUTO_INCREMENT, AUTO_INCREMENT=674;

--
-- AUTO_INCREMENT for table `transaction_log`
--
ALTER TABLE `transaction_log`
  MODIFY `id` int(11) NOT NULL AUTO_INCREMENT, AUTO_INCREMENT=10;

--
-- AUTO_INCREMENT for table `users`
--
ALTER TABLE `users`
  MODIFY `id` int(11) NOT NULL AUTO_INCREMENT, AUTO_INCREMENT=4;
COMMIT;

/*!40101 SET CHARACTER_SET_CLIENT=@OLD_CHARACTER_SET_CLIENT */;
/*!40101 SET CHARACTER_SET_RESULTS=@OLD_CHARACTER_SET_RESULTS */;
/*!40101 SET COLLATION_CONNECTION=@OLD_COLLATION_CONNECTION */;
